study_name,study_folder,objective_metric,git_hash,git_hash_short,git_commit_time,git_message,trial_number,state,datetime_start,datetime_complete,duration_min,optuna_score,optuna_searched,cfg_n_heads,cfg_n_layers,cfg_head_dim,cfg_hidden_size,cfg_max_ep_len,cfg_activation_function,cfg_action_tanh,cfg_attn_pdrop,cfg_embd_pdrop,cfg_resid_pdrop,cfg_use_structured_dropout,cfg_structured_dropout_bottleneck,cfg_structured_dropout_rate,cfg_lr,cfg_momentum,cfg_batch_size,cfg_n_epochs,cfg_early_stopping_patience,cfg_lr_scheduler_patience,cfg_loss,cfg_action_dim,cfg_dataset,cfg_fp_dim,cfg_n_in_state,cfg_valid_set,cfg_random_state,cfg_bb_reward,cfg_bb_scale,cfg_dead_end_reward,cfg_dead_end_scale,cfg_intermediate_reward,cfg_intermediate_scale,cfg_beam_width,cfg_eval_n_batches,cfg_eval_routes_frequency,jsonl_last_epoch,total_jsonl_epochs,fraction_targets_solved,optuna_dropout,optuna_head_dim,optuna_lr,optuna_n_heads,optuna_n_layers,epoch_count,final_train_loss,final_train_action_accuracy,final_valid_loss,final_valid_action_accuracy,final_valid_route_accuracy,best_valid_action_accuracy,best_valid_route_accuracy,seconds_per_epoch,optuna_structured_dropout_bottleneck,optuna_structured_dropout_rate,optuna_attn_pdrop,optuna_embd_pdrop,optuna_resid_pdrop,max_complete_epoch_in_study,epoch_ran_fraction,is_incomplete,is_early_stopped,is_jsonl_unreliable,incomplete_reason,estimated_valid_action_accuracy,estimated_valid_route_accuracy,estimation_n_ref
baseline_small_hyperparameter_tuning,hypertune-baseline_small_hyperparameter_tuning,valid_route_accuracy,96661e62769fd797bedcb96b1977fbd20daf933c,96661e62,2026-06-15T17:41:54+00:00,"plot-learning-curves: include RUNNING trials, not just COMPLETE",10,COMPLETE,2026-06-15 23:53:14.242865,2026-06-16 00:36:35.133208,43.3,0.11301753077209996,head_dim|lr|n_heads|n_layers,2.0,26.0,128.0,256.0,20.0,relu,False,0.0,0.0,0.0,False,,,0.004147849540983384,0.98,512.0,80.0,30.0,10.0,crossEntropyLoss,589.0,small,1024.0,2.0,n1+n5,1.0,0.0,2.0,-2.0,2.0,-2.0,1.0,1.0,2.0,100.0,72,73.0,0.3125,,128.0,0.004147849540983384,2.0,26.0,73.0,0.00828034393701025,0.3929878385017195,0.05837380160422375,0.35242808018116245,0.10966057441253264,0.3542732533758282,0.11301753077209996,34.49790000915527,,,,,,80.0,0.9125,False,False,False,complete,,,
compare_small_standard_dropout_baseline,hypertune-compare_small_standard_dropout_baseline,valid_route_accuracy,99d9854f1a3c2a8e6ea2b15482bd3e79ccaedb2d,99d9854f,2026-06-14T23:05:13+00:00,add structured_dropout_bottleneck to optuna search space and runner override,2,COMPLETE,2026-06-14 23:16:48.194380,2026-06-14 23:52:49.640001,36.0,0.3542732533758282,dropout|head_dim|lr|n_heads|n_layers,2.0,4.0,128.0,256.0,20.0,relu,False,0.07798461551561695,0.07798461551561695,0.07798461551561695,False,,,0.000989914665021749,0.98,512.0,200.0,6.0,,crossEntropyLoss,589.0,small,1024.0,2.0,n1+n5,1.0,0.0,2.0,-2.0,2.0,-2.0,1.0,1.0,2.0,100.0,199,200.0,0.4140625,0.07798461551561695,128.0,0.000989914665021749,2.0,4.0,200.0,0.019776243917559357,0.3609749250558948,0.06978607165538483,0.3507506500041936,0.11357702349869452,0.3542732533758282,0.11637448713166729,10.584993124008179,,,,,,200.0,1.0,False,False,False,complete,,,
small_baseline,hypertune-small_baseline,valid_route_accuracy,4b2f119ca23f517ef35cf582b8de71a0b38ed4f5,4b2f119c,2026-06-14T21:36:49+00:00,add --eval-n-batches to hypertune; fix missing logger in runner; reduce small.yaml eval defaults,2,COMPLETE,2026-06-14 22:02:56.808713,2026-06-14 22:16:43.134513,13.8,0.0,dropout|head_dim|lr|n_heads|n_layers,1.0,3.0,256.0,256.0,20.0,relu,False,0.23809671615661732,0.23809671615661732,0.23809671615661732,False,,,0.003322902115779277,0.98,512.0,200.0,6.0,,crossEntropyLoss,589.0,small,1024.0,2.0,n1+n5,1.0,0.0,2.0,-2.0,2.0,-2.0,1.0,1.0,2.0,100.0,81,82.0,,0.23809671615661732,256.0,0.003322902115779277,1.0,3.0,82.0,0.020987466633827848,0.34671799961901323,0.07148805893735871,0.34286672817243985,0.1061171204774338,0.3452990019290447,0.10872808653487505,9.324953556060791,,,,,,153.0,0.41,False,True,False,early_stopped,,,
compare_small_standard_dropout_baseline,hypertune-compare_small_standard_dropout_baseline,valid_route_accuracy,99d9854f1a3c2a8e6ea2b15482bd3e79ccaedb2d,99d9854f,2026-06-14T23:05:13+00:00,add structured_dropout_bottleneck to optuna search space and runner override,6,COMPLETE,2026-06-15 00:35:29.704011,2026-06-15 00:59:25.974754,23.9,0.3447119013671056,dropout|head_dim|lr|n_heads|n_layers,4.0,3.0,64.0,256.0,20.0,relu,False,0.22112818859902234,0.22112818859902234,0.22112818859902234,False,,,0.0021579431103128624,0.98,512.0,200.0,6.0,,crossEntropyLoss,589.0,small,1024.0,2.0,n1+n5,1.0,0.0,2.0,-2.0,2.0,-2.0,1.0,1.0,2.0,100.0,143,144.0,0.4140625,0.22112818859902234,64.0,0.0021579431103128624,4.0,3.0,144.0,0.017291961057873614,0.34804142729669846,0.06902309315323475,0.3403505829069865,0.10220067139127191,0.3447119013671056,0.1061171204774338,9.652817249298096,,,,,,200.0,0.72,False,True,False,early_stopped,,,
baseline_small_hyperparameter_tuning,hypertune-baseline_small_hyperparameter_tuning,valid_route_accuracy,96661e62769fd797bedcb96b1977fbd20daf933c,96661e62,2026-06-15T17:41:54+00:00,"plot-learning-curves: include RUNNING trials, not just COMPLETE",4,COMPLETE,2026-06-15 22:30:20.040739,2026-06-15 22:45:35.448025,15.3,0.10835509138381201,head_dim|lr|n_heads|n_layers,1.0,4.0,256.0,256.0,20.0,relu,False,0.0,0.0,0.0,False,,,0.00196493812365305,0.98,512.0,80.0,30.0,10.0,crossEntropyLoss,589.0,small,1024.0,2.0,n1+n5,1.0,0.0,2.0,-2.0,2.0,-2.0,1.0,1.0,2.0,100.0,79,80.0,0.34375,,256.0,0.00196493812365305,1.0,4.0,80.0,0.017221751961518417,0.34873321903730664,0.05621194627712525,0.3377505661326847,0.10294666169339799,0.3437054432609243,0.10835509138381201,10.208861351013184,,,,,,80.0,1.0,False,False,False,complete,,,
compare_small_standard_dropout_baseline,hypertune-compare_small_standard_dropout_baseline,valid_route_accuracy,99d9854f1a3c2a8e6ea2b15482bd3e79ccaedb2d,99d9854f,2026-06-14T23:05:13+00:00,add structured_dropout_bottleneck to optuna search space and runner override,1,FAIL,2026-06-14 23:10:19.921709,2026-06-14 23:16:24.942638,6.1,,dropout|head_dim|lr|n_heads|n_layers,3.0,5.0,128.0,384.0,20.0,relu,False,0.16422327444327353,0.16422327444327353,0.16422327444327353,False,,,0.020562188599765826,0.98,512.0,200.0,6.0,,crossEntropyLoss,589.0,small,1024.0,2.0,n1+n5,1.0,0.0,2.0,-2.0,2.0,-2.0,1.0,1.0,2.0,100.0,18,19.0,,0.16422327444327353,128.0,0.020562188599765826,3.0,5.0,19.0,0.015547899026635358,0.3420960287143702,0.05631244638269501,0.3339763482345047,0.10350615441999254,0.34236349911934916,0.10649011562849683,15.460585594177246,,,,,,200.0,0.095,True,False,False,killed,0.417825,0.152931,9.0
compare2_small_standard_dropout,hypertune-compare2_small_standard_dropout,valid_route_accuracy,a7319b783badc12d129e3aeb7e5165f0e4e2a31f,a7319b78,2026-06-15T05:43:54+00:00,"plot-learning-curves: larger fonts, doubled line width, 50% alpha",3,COMPLETE,2026-06-15 06:36:27.024379,2026-06-15 07:20:49.941558,44.4,0.34186027006625846,dropout|head_dim|lr|n_heads|n_layers,2.0,2.0,256.0,512.0,20.0,relu,False,0.12226975068614772,0.12226975068614772,0.12226975068614772,False,,,0.00022732836152001006,0.98,512.0,200.0,20.0,,crossEntropyLoss,589.0,small,1024.0,2.0,n1+n5,1.0,0.0,2.0,-2.0,2.0,-2.0,1.0,1.0,2.0,100.0,199,200.0,0.375,0.12226975068614772,256.0,0.00022732836152001006,2.0,2.0,200.0,0.06528466343033043,0.3481817908382711,0.09612652659416199,0.3411054264866225,0.10443864229765012,0.34186027006625846,0.1051846325997762,13.138670444488525,,,,,,200.0,1.0,False,False,False,complete,,,
compare_small_standard_dropout_baseline,hypertune-compare_small_standard_dropout_baseline,valid_route_accuracy,99d9854f1a3c2a8e6ea2b15482bd3e79ccaedb2d,99d9854f,2026-06-14T23:05:13+00:00,add structured_dropout_bottleneck to optuna search space and runner override,8,COMPLETE,2026-06-15 01:09:27.590017,2026-06-15 01:42:12.874288,32.8,0.3364924934999581,dropout|head_dim|lr|n_heads|n_layers,4.0,5.0,256.0,1024.0,20.0,relu,False,0.05460578970058132,0.05460578970058132,0.05460578970058132,False,,,0.009554403936967893,0.98,512.0,200.0,6.0,,crossEntropyLoss,589.0,small,1024.0,2.0,n1+n5,1.0,0.0,2.0,-2.0,2.0,-2.0,1.0,1.0,2.0,100.0,34,35.0,0.3515625,0.05460578970058132,256.0,0.009554403936967893,4.0,5.0,35.0,0.009888083218935539,0.3324911520838973,0.0382392956803198,0.30705359389415415,0.08989183140619172,0.3364924934999581,0.113390525923163,53.90559434890747,,,,,,200.0,0.175,False,True,False,early_stopped,,,
compare2_small_standard_dropout,hypertune-compare2_small_standard_dropout,valid_route_accuracy,a7319b783badc12d129e3aeb7e5165f0e4e2a31f,a7319b78,2026-06-15T05:43:54+00:00,"plot-learning-curves: larger fonts, doubled line width, 50% alpha",1,COMPLETE,2026-06-15 05:53:00.532314,2026-06-15 06:25:42.141109,32.7,0.3364924934999581,dropout|head_dim|lr|n_heads|n_layers,1.0,3.0,256.0,256.0,20.0,relu,False,0.2605308252179445,0.2605308252179445,0.2605308252179445,False,,,0.0004991593434284382,0.98,512.0,200.0,20.0,,crossEntropyLoss,589.0,small,1024.0,2.0,n1+n5,1.0,0.0,2.0,-2.0,2.0,-2.0,1.0,1.0,2.0,100.0,199,200.0,0.3515625,0.2605308252179445,256.0,0.0004991593434284382,1.0,3.0,200.0,0.053403789389201185,0.3382059534193561,0.08558362039426963,0.3359892644468674,0.10257366654233495,0.3364924934999581,0.10294666169339799,9.363988161087036,,,,,,200.0,1.0,False,False,False,complete,,,
compare2_small_structured_dropout,hypertune-compare2_small_structured_dropout,valid_route_accuracy,e4fc570153c066e17388ad1260a65720f8720f51,e4fc5701,2026-06-15T06:15:41+00:00,hypertune: always run route eval at end of every trial,5,COMPLETE,2026-06-15 11:25:51.475788,2026-06-15 11:59:58.748583,34.1,0.1051846325997762,dropout|head_dim|lr|n_heads|n_layers|structured_dropout_bottleneck,3.0,2.0,128.0,384.0,20.0,relu,False,0.005242989742311376,0.005242989742311376,0.005242989742311376,True,154.0,,0.0002885899898403368,0.98,512.0,200.0,20.0,,crossEntropyLoss,589.0,small,1024.0,2.0,n1+n5,1.0,0.0,2.0,-2.0,2.0,-2.0,1.0,1.0,2.0,100.0,199,200.0,0.3828125,0.005242989742311376,128.0,0.0002885899898403368,3.0,2.0,200.0,0.059097484473816374,0.35204178823151966,0.09502526026751314,0.33565377841147365,0.10462513987318164,0.3361570074645643,0.1051846325997762,9.879582643508911,154.0,,,,,200.0,1.0,False,False,False,complete,,,
compare2_small_standard_dropout,hypertune-compare2_small_standard_dropout,valid_route_accuracy,a7319b783badc12d129e3aeb7e5165f0e4e2a31f,a7319b78,2026-06-15T05:43:54+00:00,"plot-learning-curves: larger fonts, doubled line width, 50% alpha",4,COMPLETE,2026-06-15 07:20:49.993933,2026-06-15 07:35:45.285172,14.9,0.33213117503983897,dropout|head_dim|lr|n_heads|n_layers,2.0,4.0,64.0,128.0,20.0,relu,False,0.22641379928351885,0.22641379928351885,0.22641379928351885,False,,,0.004077953536990108,0.98,512.0,200.0,20.0,,crossEntropyLoss,589.0,small,1024.0,2.0,n1+n5,1.0,0.0,2.0,-2.0,2.0,-2.0,1.0,1.0,2.0,100.0,101,102.0,0.375,0.22641379928351885,64.0,0.004077953536990108,2.0,4.0,102.0,0.018109314090741627,0.32226466548360255,0.07579636748968846,0.3269311414912354,0.09418127564341663,0.33213117503983897,0.09753823200298396,7.781550407409668,,,,,,200.0,0.51,False,True,False,early_stopped,,,
compare_small_standard_dropout_baseline,hypertune-compare_small_standard_dropout_baseline,valid_route_accuracy,99d9854f1a3c2a8e6ea2b15482bd3e79ccaedb2d,99d9854f,2026-06-14T23:05:13+00:00,add structured_dropout_bottleneck to optuna search space and runner override,9,COMPLETE,2026-06-15 01:42:12.933093,2026-06-15 02:02:42.803205,20.5,0.33120858844250606,dropout|head_dim|lr|n_heads|n_layers,2.0,4.0,64.0,128.0,20.0,relu,False,0.23405934669595224,0.23405934669595224,0.23405934669595224,False,,,0.0015024983567834046,0.98,512.0,200.0,6.0,,crossEntropyLoss,589.0,small,1024.0,2.0,n1+n5,1.0,0.0,2.0,-2.0,2.0,-2.0,1.0,1.0,2.0,100.0,144,145.0,0.3828125,0.23405934669595224,64.0,0.0015024983567834046,2.0,4.0,145.0,0.029656045350500128,0.32579380595742974,0.07993411352591855,0.33120858844250606,0.0938082804923536,0.33120858844250606,0.09735173442745244,7.805107116699219,,,,,,200.0,0.725,False,True,False,early_stopped,,,
nodropout-baseline,hypertune-nodropout-baseline,valid_route_accuracy,33df126f18ce48c5ef27a0a1ef320b3a079875d4,33df126f,2026-06-15T12:45:20+00:00,5trials,3,FAIL,2026-06-15 16:56:58.224201,2026-06-15 17:18:06.010248,21.1,,head_dim|lr|n_heads|n_layers,3.0,2.0,64.0,192.0,20.0,relu,False,0.0,0.0,0.0,False,,,0.0006543722542573492,0.98,512.0,200.0,50.0,20.0,crossEntropyLoss,589.0,small,1024.0,2.0,n1+n5,1.0,0.0,2.0,-2.0,2.0,-2.0,1.0,1.0,2.0,100.0,81,82.0,,,64.0,0.0006543722542573492,3.0,2.0,82.0,0.07863899345763704,0.3416147822861211,0.11467059843596958,0.33095697391596074,0.10350615441999254,0.33095697391596074,0.10350615441999254,6.674705982208252,,,,,,200.0,0.41,True,False,False,killed,0.344177,0.103506,1.0
baseline_small_hyperparameter_tuning,hypertune-baseline_small_hyperparameter_tuning,valid_route_accuracy,96661e62769fd797bedcb96b1977fbd20daf933c,96661e62,2026-06-15T17:41:54+00:00,"plot-learning-curves: include RUNNING trials, not just COMPLETE",9,COMPLETE,2026-06-15 23:41:28.367492,2026-06-15 23:53:14.177293,11.8,0.09772472957851548,head_dim|lr|n_heads|n_layers,1.0,4.0,128.0,128.0,20.0,relu,False,0.0,0.0,0.0,False,,,0.01038565250393806,0.98,512.0,80.0,30.0,10.0,crossEntropyLoss,589.0,small,1024.0,2.0,n1+n5,1.0,0.0,2.0,-2.0,2.0,-2.0,1.0,1.0,2.0,100.0,79,80.0,0.3515625,,128.0,0.01038565250393806,1.0,4.0,80.0,0.008526498539140448,0.30031782316198957,0.05478843900242022,0.28122116916883333,0.07180156657963446,0.33078923089826384,0.09772472957851548,7.751131296157837,,,,,,80.0,1.0,False,False,False,complete,,,
small_baseline,hypertune-small_baseline,valid_route_accuracy,4b2f119ca23f517ef35cf582b8de71a0b38ed4f5,4b2f119c,2026-06-14T21:36:49+00:00,add --eval-n-batches to hypertune; fix missing logger in runner; reduce small.yaml eval defaults,5,FAIL,2026-06-14 22:53:12.447986,2026-06-14 23:06:08.282073,12.9,,dropout|head_dim|lr|n_heads|n_layers,3.0,3.0,256.0,768.0,20.0,relu,False,0.10179404985728036,0.10179404985728036,0.10179404985728036,False,,,0.013548526933981628,0.98,512.0,200.0,6.0,,crossEntropyLoss,589.0,small,1024.0,2.0,n1+n5,1.0,0.0,2.0,-2.0,2.0,-2.0,1.0,1.0,2.0,100.0,29,30.0,,0.10179404985728036,256.0,0.013548526933981628,3.0,3.0,30.0,0.010771441908383911,0.3311476724717017,0.03654792154252175,0.3016019458190053,0.08541588959343528,0.33078923089826384,0.10686311077955987,23.54423952102661,,,,,,153.0,0.15,True,False,False,killed,0.338646,0.109452,4.0
small_baseline,hypertune-small_baseline,valid_route_accuracy,4b2f119ca23f517ef35cf582b8de71a0b38ed4f5,4b2f119c,2026-06-14T21:36:49+00:00,add --eval-n-batches to hypertune; fix missing logger in runner; reduce small.yaml eval defaults,3,COMPLETE,2026-06-14 22:16:43.199540,2026-06-14 22:47:34.439742,30.9,0.0,dropout|head_dim|lr|n_heads|n_layers,1.0,5.0,256.0,256.0,20.0,relu,False,0.3708939812371794,0.3708939812371794,0.3708939812371794,False,,,0.0015614433732336484,0.98,512.0,200.0,6.0,,crossEntropyLoss,589.0,small,1024.0,2.0,n1+n5,1.0,0.0,2.0,-2.0,2.0,-2.0,1.0,1.0,2.0,100.0,152,153.0,0.375,0.3708939812371794,256.0,0.0015614433732336484,1.0,5.0,153.0,0.02775707775303586,0.32620487061489256,0.0723795194644481,0.3229053090665101,0.09250279746363298,0.3295311582655372,0.09772472957851548,11.554210186004639,,,,,,153.0,0.765,False,False,False,complete,,,
standard-v2-dropout-details,hypertune-standard-v2-dropout-details,valid_route_accuracy,bfb89647cc3020992bc38d0f19e6c46ac55b24c5,bfb89647,2026-06-17T03:00:46+00:00,"dashboard: rs-mark-stopped CLI, STOPPED trial state, epoch column, 10min refresh",1,RUNNING,2026-06-17 08:58:30.714017,,,,attn_pdrop|embd_pdrop|head_dim|lr|n_heads|n_layers|resid_pdrop,5.0,10.0,128.0,640.0,20.0,relu,False,0.16635604040511032,0.00597872735221654,0.0874275200805938,False,,,0.0009685260076984002,0.98,512.0,100.0,15.0,10.0,crossEntropyLoss,1573.0,standard,1024.0,2.0,n1+n5,2.0,0.0,2.0,-2.0,2.0,-2.0,1.0,1.0,10.0,50.0,48,49.0,,,128.0,0.0009685260076984002,5.0,10.0,49.0,0.02665638011195838,0.34470354750682214,0.0601286936349185,0.3173795839479172,0.07443444417416686,0.3209399318447688,0.07783994162004379,73.6406033039093,,,0.16635604040511032,0.00597872735221654,0.0874275200805938,,0.49,False,False,False,no_complete_ref,,,
compare2_small_structured_dropout,hypertune-compare2_small_structured_dropout,valid_route_accuracy,e4fc570153c066e17388ad1260a65720f8720f51,e4fc5701,2026-06-15T06:15:41+00:00,hypertune: always run route eval at end of every trial,2,COMPLETE,2026-06-15 09:52:12.722827,2026-06-15 10:18:49.206603,26.6,0.3179568900444519,dropout|head_dim|lr|n_heads|n_layers|structured_dropout_bottleneck,2.0,3.0,64.0,128.0,20.0,relu,False,0.15774046776202838,0.15774046776202838,0.15774046776202838,True,221.0,,0.00036256648857203936,0.98,512.0,200.0,20.0,,crossEntropyLoss,589.0,small,1024.0,2.0,n1+n5,1.0,0.0,2.0,-2.0,2.0,-2.0,1.0,1.0,2.0,100.0,199,200.0,0.390625,0.15774046776202838,64.0,0.00036256648857203936,2.0,3.0,200.0,0.08931257999078794,0.3149056055182924,0.11128049636525768,0.3156923593055439,0.09772472957851548,0.3179568900444519,0.10033569563595673,7.518790245056152,221.0,,,,,200.0,1.0,False,False,False,complete,,,
compare2_small_structured_dropout,hypertune-compare2_small_structured_dropout,valid_route_accuracy,e4fc570153c066e17388ad1260a65720f8720f51,e4fc5701,2026-06-15T06:15:41+00:00,hypertune: always run route eval at end of every trial,3,COMPLETE,2026-06-15 10:18:49.270902,2026-06-15 10:40:05.603158,21.3,0.31753753250020966,dropout|head_dim|lr|n_heads|n_layers|structured_dropout_bottleneck,3.0,2.0,256.0,768.0,20.0,relu,False,0.09260935856332178,0.09260935856332178,0.09260935856332178,True,121.0,,0.012682608815371959,0.98,512.0,200.0,20.0,,crossEntropyLoss,589.0,small,1024.0,2.0,n1+n5,1.0,0.0,2.0,-2.0,2.0,-2.0,1.0,1.0,2.0,100.0,66,67.0,0.3828125,0.09260935856332178,256.0,0.012682608815371959,3.0,2.0,67.0,0.008646105630429123,0.33464673504376335,0.03556304140615144,0.29338253795185776,0.08336441626258859,0.31753753250020966,0.09809772472957852,18.072923183441162,121.0,,,,,200.0,0.335,False,True,False,early_stopped,,,
sunday-optuna-12trials-200epochs-4patience,hypertune-sunday-optuna-12trials-200epochs-4patience,valid_route_accuracy,fe3fcab5ae08f87611a00b1b6276db9ffda28603,fe3fcab5,2026-06-13T21:46:10+00:00,"structured run.jsonl logging, sqlite storage, jsonl append fix",1,RUNNING,2026-06-14 18:34:24.235142,,,,dropout|head_dim|lr|n_heads|n_layers,3.0,3.0,256.0,768.0,20.0,relu,False,0.2875498354700152,0.2875498354700152,0.2875498354700152,False,,,0.0001336892786338992,0.98,512.0,200.0,4.0,,crossEntropyLoss,589.0,small,1024.0,2.0,n1+n5,1.0,0.0,2.0,-2.0,2.0,-2.0,1.0,1.0,2.0,100.0,199,200.0,0.3984375,0.2875498354700152,256.0,0.0001336892786338992,3.0,3.0,200.0,0.09536115952174772,0.32047001734492336,0.10501497371920518,0.3161955883586346,0.09492726594554271,0.3167826889205737,0.09735173442745244,23.40042805671692,,,,,,,1.0,False,False,False,no_complete_ref,,,
compare2_small_structured_dropout,hypertune-compare2_small_structured_dropout,valid_route_accuracy,e4fc570153c066e17388ad1260a65720f8720f51,e4fc5701,2026-06-15T06:15:41+00:00,hypertune: always run route eval at end of every trial,1,COMPLETE,2026-06-15 09:05:38.549937,2026-06-15 09:52:12.644439,46.6,0.31669881741172523,dropout|head_dim|lr|n_heads|n_layers|structured_dropout_bottleneck,3.0,4.0,128.0,384.0,20.0,relu,False,0.12106736590826755,0.12106736590826755,0.12106736590826755,True,134.0,,0.00015728683085116627,0.98,512.0,200.0,20.0,,crossEntropyLoss,589.0,small,1024.0,2.0,n1+n5,1.0,0.0,2.0,-2.0,2.0,-2.0,1.0,1.0,2.0,100.0,199,200.0,0.3515625,0.12106736590826755,128.0,0.00015728683085116627,3.0,4.0,200.0,0.11175181445750323,0.32228471741811293,0.12664854952267238,0.31669881741172523,0.09362178291682208,0.31669881741172523,0.09362178291682208,13.810758829116821,134.0,,,,,200.0,1.0,False,False,False,complete,,,
compare_small_standard_dropout_baseline,hypertune-compare_small_standard_dropout_baseline,valid_route_accuracy,99d9854f1a3c2a8e6ea2b15482bd3e79ccaedb2d,99d9854f,2026-06-14T23:05:13+00:00,add structured_dropout_bottleneck to optuna search space and runner override,3,COMPLETE,2026-06-14 23:52:49.712789,2026-06-15 00:04:32.907233,11.7,0.3143504151639688,dropout|head_dim|lr|n_heads|n_layers,3.0,5.0,64.0,192.0,20.0,relu,False,0.3085797547805459,0.3085797547805459,0.3085797547805459,False,,,0.011670193047864428,0.98,512.0,200.0,6.0,,crossEntropyLoss,589.0,small,1024.0,2.0,n1+n5,1.0,0.0,2.0,-2.0,2.0,-2.0,1.0,1.0,2.0,100.0,64,65.0,0.34375,0.3085797547805459,64.0,0.011670193047864428,3.0,5.0,65.0,0.014074145779225299,0.2889884801636238,0.06103281314218683,0.28658894573513377,0.06863110779559865,0.3143504151639688,0.08989183140619172,9.58170223236084,,,,,,200.0,0.325,False,True,False,early_stopped,,,
compare_small_standard_dropout_baseline,hypertune-compare_small_standard_dropout_baseline,valid_route_accuracy,99d9854f1a3c2a8e6ea2b15482bd3e79ccaedb2d,99d9854f,2026-06-14T23:05:13+00:00,add structured_dropout_bottleneck to optuna search space and runner override,11,COMPLETE,2026-06-15 02:06:37.819223,2026-06-15 02:43:34.873413,37.0,0.31007296821269814,dropout|head_dim|lr|n_heads|n_layers,2.0,4.0,128.0,256.0,20.0,relu,False,0.18867916484072939,0.18867916484072939,0.18867916484072939,False,,,0.00010502977413011477,0.98,512.0,200.0,6.0,,crossEntropyLoss,589.0,small,1024.0,2.0,n1+n5,1.0,0.0,2.0,-2.0,2.0,-2.0,1.0,1.0,2.0,100.0,199,200.0,0.2890625,0.18867916484072939,128.0,0.00010502977413011477,2.0,4.0,200.0,0.1836266236549074,0.30743625991317514,0.18178983449581124,0.31007296821269814,0.09474076837001119,0.31007296821269814,0.09474076837001119,10.797194480895996,,,,,,200.0,1.0,False,False,False,complete,,,
nodropout-baseline,hypertune-nodropout-baseline,valid_route_accuracy,33df126f18ce48c5ef27a0a1ef320b3a079875d4,33df126f,2026-06-15T12:45:20+00:00,5trials,2,COMPLETE,2026-06-15 14:23:36.175751,2026-06-15 16:56:58.064037,153.4,0.08989183140619172,head_dim|lr|n_heads|n_layers,3.0,4.0,256.0,768.0,20.0,relu,False,0.0,0.0,0.0,False,,,0.00030907045090286127,0.98,512.0,200.0,20.0,,crossEntropyLoss,589.0,small,1024.0,2.0,n1+n5,1.0,0.0,2.0,-2.0,2.0,-2.0,1.0,1.0,2.0,100.0,199,200.0,0.34375,,256.0,0.00030907045090286127,3.0,4.0,200.0,0.013756167492829263,0.3424770154700675,0.03978334492560299,0.31007296821269814,0.08541588959343528,0.31007296821269814,0.08989183140619172,49.02688527107239,,,,,,200.0,1.0,False,False,False,complete,,,
standard-v2-lr0005,hypertune-standard-v2-lr0005,valid_route_accuracy,90c44c5b92126005642b0b9c5d979bde4cbf2eff,90c44c5b,2026-06-16T05:03:10+00:00,add 3 layers to list of n_layers possiblities because its hardcoded deep in the baseline code,4,COMPLETE,2026-06-16 18:56:02.548416,2026-06-16 19:46:46.998754,50.7,0.06506932619800535,dropout|head_dim|lr|n_heads|n_layers,2.0,8.0,128.0,256.0,20.0,relu,False,0.046511271599936885,0.046511271599936885,0.046511271599936885,False,,,0.0009793400530594232,0.98,512.0,100.0,15.0,10.0,crossEntropyLoss,1573.0,standard,1024.0,2.0,n1+n5,1.0,0.0,2.0,-2.0,2.0,-2.0,1.0,1.0,10.0,50.0,99,100.0,0.3328125,0.046511271599936885,128.0,0.0009793400530594232,2.0,8.0,100.0,0.04069936164005688,0.30343984915771455,0.09155169932186141,0.30163568017880726,0.06385307711019217,0.30346439093772226,0.06506932619800535,24.834472179412842,,,,,,100.0,1.0,False,False,False,complete,,,
standard-v2-lr0005,hypertune-standard-v2-lr0005,valid_route_accuracy,90c44c5b92126005642b0b9c5d979bde4cbf2eff,90c44c5b,2026-06-16T05:03:10+00:00,add 3 layers to list of n_layers possiblities because its hardcoded deep in the baseline code,8,COMPLETE,2026-06-17 03:42:22.293045,2026-06-17 04:21:56.671776,39.6,0.06263682802237898,dropout|head_dim|lr|n_heads|n_layers,4.0,4.0,64.0,256.0,20.0,relu,False,0.14692310969684572,0.14692310969684572,0.14692310969684572,False,,,0.00204113986733976,0.98,512.0,100.0,15.0,10.0,crossEntropyLoss,1573.0,standard,1024.0,2.0,n1+n5,1.0,0.0,2.0,-2.0,2.0,-2.0,1.0,1.0,10.0,50.0,99,100.0,0.35,0.14692310969684572,64.0,0.00204113986733976,4.0,4.0,100.0,0.02364548162740627,0.30618751085419404,0.08161315812852031,0.2997561718988113,0.059596205302846025,0.30107690744691656,0.06263682802237898,17.607043981552124,,,,,,100.0,1.0,False,False,False,complete,,,
baseline_small_hyperparameter_tuning,hypertune-baseline_small_hyperparameter_tuning,valid_route_accuracy,96661e62769fd797bedcb96b1977fbd20daf933c,96661e62,2026-06-15T17:41:54+00:00,"plot-learning-curves: include RUNNING trials, not just COMPLETE",11,COMPLETE,2026-06-16 00:36:35.198383,2026-06-16 00:57:29.729624,20.9,0.08112644535621037,head_dim|lr|n_heads|n_layers,1.0,18.0,128.0,128.0,20.0,relu,False,0.0,0.0,0.0,False,,,0.0035577284635915753,0.98,512.0,80.0,30.0,10.0,crossEntropyLoss,589.0,small,1024.0,2.0,n1+n5,1.0,0.0,2.0,-2.0,2.0,-2.0,1.0,1.0,2.0,100.0,79,80.0,0.3203125,,128.0,0.0035577284635915753,1.0,18.0,80.0,0.009005186849125576,0.3198383814078463,0.06683809079584621,0.29220833682797953,0.07348004475941813,0.30017613016858175,0.08112644535621037,14.726219415664673,,,,,,80.0,1.0,False,False,False,complete,,,
standard-v2-lr0005,hypertune-standard-v2-lr0005,valid_route_accuracy,90c44c5b92126005642b0b9c5d979bde4cbf2eff,90c44c5b,2026-06-16T05:03:10+00:00,add 3 layers to list of n_layers possiblities because its hardcoded deep in the baseline code,2,COMPLETE,2026-06-16 17:03:38.671566,2026-06-16 18:21:24.441211,77.8,0.06202870347847239,dropout|head_dim|lr|n_heads|n_layers,4.0,6.0,128.0,512.0,20.0,relu,False,0.2035266973881446,0.2035266973881446,0.2035266973881446,False,,,0.0005362525241758985,0.98,512.0,100.0,15.0,10.0,crossEntropyLoss,1573.0,standard,1024.0,2.0,n1+n5,1.0,0.0,2.0,-2.0,2.0,-2.0,1.0,1.0,10.0,50.0,99,100.0,0.340625,0.2035266973881446,128.0,0.0005362525241758985,4.0,6.0,100.0,0.06780733538537541,0.30106433125759796,0.10323115493091502,0.29660672559179113,0.06190707856969107,0.29660672559179113,0.06202870347847239,40.44530725479126,,,,,,100.0,1.0,False,False,False,complete,,,
nodropout-sd,hypertune-nodropout-sd,valid_route_accuracy,33df126f18ce48c5ef27a0a1ef320b3a079875d4,33df126f,2026-06-15T12:45:20+00:00,5trials,1,COMPLETE,2026-06-15 14:43:26.295724,2026-06-15 17:17:48.757426,154.4,0.08895934352853413,head_dim|lr|n_heads|n_layers|structured_dropout_bottleneck|structured_dropout_rate,3.0,4.0,256.0,768.0,20.0,relu,False,0.0,0.0,0.0,True,511.0,0.35994710271792285,0.0002361984561068036,0.98,512.0,200.0,20.0,,crossEntropyLoss,589.0,small,1024.0,2.0,n1+n5,1.0,0.0,2.0,-2.0,2.0,-2.0,1.0,1.0,2.0,100.0,199,200.0,0.390625,,256.0,0.0002361984561068036,3.0,4.0,200.0,0.021452338773418556,0.3118978153417351,0.04357623394268254,0.2813050406776818,0.06844461022006713,0.2961502977438564,0.08895934352853413,33.67579531669617,511.0,0.35994710271792285,,,,200.0,1.0,False,False,False,complete,,,
compare_small_standard_dropout_baseline,hypertune-compare_small_standard_dropout_baseline,valid_route_accuracy,99d9854f1a3c2a8e6ea2b15482bd3e79ccaedb2d,99d9854f,2026-06-14T23:05:13+00:00,add structured_dropout_bottleneck to optuna search space and runner override,7,COMPLETE,2026-06-15 00:59:26.038671,2026-06-15 01:09:27.523278,10.0,0.29321479493416086,dropout|head_dim|lr|n_heads|n_layers,1.0,4.0,256.0,256.0,20.0,relu,False,0.3888027369326271,0.3888027369326271,0.3888027369326271,False,,,0.05163734346145561,0.98,512.0,200.0,6.0,,crossEntropyLoss,589.0,small,1024.0,2.0,n1+n5,1.0,0.0,2.0,-2.0,2.0,-2.0,1.0,1.0,2.0,100.0,49,50.0,0.2578125,0.3888027369326271,256.0,0.05163734346145561,1.0,4.0,50.0,0.013501154438761825,0.24843344261637643,0.054784023780874644,0.2407112303950348,0.048116374487131665,0.29321479493416086,0.07739649384558,9.063783168792725,,,,,,200.0,0.25,False,True,False,early_stopped,,,
compare_small_structured_dropout,hypertune-compare_small_structured_dropout,valid_route_accuracy,bc540b24ce63fa48db3d2f63634c29db3518c9db,bc540b24,2026-06-15T04:15:34+00:00,bump version to 0.1.5 and add release notes,3,FAIL,2026-06-15 04:47:44.967302,2026-06-15 05:46:00.711404,58.3,,dropout|head_dim|lr|n_heads|n_layers|structured_dropout_bottleneck,4.0,4.0,256.0,1024.0,20.0,relu,False,0.4368577533306678,0.4368577533306678,0.4368577533306678,True,53.0,,0.00024918051199387443,0.98,512.0,200.0,6.0,,crossEntropyLoss,589.0,small,1024.0,2.0,n1+n5,1.0,0.0,2.0,-2.0,2.0,-2.0,1.0,1.0,2.0,100.0,75,76.0,,0.4368577533306678,256.0,0.00024918051199387443,4.0,4.0,76.0,0.13626719410107893,0.2838652108962212,0.12353641885731902,0.2919567223014342,0.0856023871689668,0.2927115658810702,0.08616187989556136,45.20810866355896,53.0,,,,,46.0,0.38,False,False,False,nearly_complete,,,
standard-v2-lr0005,hypertune-standard-v2-lr0005,valid_route_accuracy,90c44c5b92126005642b0b9c5d979bde4cbf2eff,90c44c5b,2026-06-16T05:03:10+00:00,add 3 layers to list of n_layers possiblities because its hardcoded deep in the baseline code,1,COMPLETE,2026-06-16 16:01:33.207794,2026-06-16 17:03:38.558609,62.1,0.060325954755533935,dropout|head_dim|lr|n_heads|n_layers,2.0,4.0,256.0,512.0,20.0,relu,False,0.2472462613738233,0.2472462613738233,0.2472462613738233,False,,,0.0010093555966770623,0.98,512.0,100.0,15.0,10.0,crossEntropyLoss,1573.0,standard,1024.0,2.0,n1+n5,1.0,0.0,2.0,-2.0,2.0,-2.0,1.0,1.0,10.0,50.0,99,100.0,0.3046875,0.2472462613738233,256.0,0.0010093555966770623,2.0,4.0,100.0,0.03996427627774238,0.2987384325303297,0.07804536662071712,0.29127298587828915,0.0581367063974702,0.2924413288631515,0.060325954755533935,31.137083530426025,,,,,,100.0,1.0,False,False,False,complete,,,
standard-v2-lr0005,hypertune-standard-v2-lr0005,valid_route_accuracy,90c44c5b92126005642b0b9c5d979bde4cbf2eff,90c44c5b,2026-06-16T05:03:10+00:00,add 3 layers to list of n_layers possiblities because its hardcoded deep in the baseline code,7,COMPLETE,2026-06-17 02:57:30.367293,2026-06-17 03:42:22.170602,44.9,0.06215032838725371,dropout|head_dim|lr|n_heads|n_layers,2.0,2.0,256.0,512.0,20.0,relu,False,0.06671759930907036,0.06671759930907036,0.06671759930907036,False,,,0.00019295905432239164,0.98,512.0,100.0,15.0,10.0,crossEntropyLoss,1573.0,standard,1024.0,2.0,n1+n5,1.0,0.0,2.0,-2.0,2.0,-2.0,1.0,1.0,10.0,50.0,99,100.0,0.2984375,0.06671759930907036,256.0,0.00019295905432239164,2.0,2.0,100.0,0.14946513298447384,0.2950604113429429,0.17783986164848933,0.29198415117342275,0.061785453660909755,0.29198415117342275,0.06215032838725371,18.76653552055359,,,,,,100.0,1.0,False,False,False,complete,,,
standard-v2-lr0005,hypertune-standard-v2-lr0005,valid_route_accuracy,90c44c5b92126005642b0b9c5d979bde4cbf2eff,90c44c5b,2026-06-16T05:03:10+00:00,add 3 layers to list of n_layers possiblities because its hardcoded deep in the baseline code,12,FAIL,2026-06-17 08:01:09.477178,2026-06-17 08:20:50.540487,19.7,,dropout|head_dim|lr|n_heads|n_layers,4.0,12.0,64.0,256.0,20.0,relu,False,0.14248277207922477,0.14248277207922477,0.14248277207922477,False,,,0.003952285173238203,0.98,512.0,100.0,15.0,10.0,crossEntropyLoss,1573.0,standard,1024.0,2.0,n1+n5,1.0,0.0,2.0,-2.0,2.0,-2.0,1.0,1.0,10.0,50.0,31,32.0,,0.14248277207922477,64.0,0.003952285173238203,4.0,12.0,32.0,0.037324885125130866,0.2910536631354355,0.0840695505066551,0.28837752717667375,0.055460958404281196,0.2911713908361272,0.05923133057650207,31.561854124069214,,,,,,100.0,0.32,True,False,False,killed,0.32372,0.068316,10.0
compare2_small_structured_dropout,hypertune-compare2_small_structured_dropout,valid_route_accuracy,e4fc570153c066e17388ad1260a65720f8720f51,e4fc5701,2026-06-15T06:15:41+00:00,hypertune: always run route eval at end of every trial,9,FAIL,2026-06-15 12:35:29.678900,2026-06-15 12:58:13.662535,22.7,,dropout|head_dim|lr|n_heads|n_layers|structured_dropout_bottleneck,1.0,4.0,64.0,64.0,20.0,relu,False,0.0030608233869695357,0.0030608233869695357,0.0030608233869695357,True,254.0,,0.00026584512824510476,0.98,512.0,200.0,20.0,,crossEntropyLoss,589.0,small,1024.0,2.0,n1+n5,1.0,0.0,2.0,-2.0,2.0,-2.0,1.0,1.0,2.0,100.0,177,178.0,0.2890625,0.0030608233869695357,64.0,0.00026584512824510476,1.0,4.0,178.0,0.13224570436233823,0.2760148785354067,0.15414658800831862,0.2796276105007129,0.07403953748601268,0.27987922502725826,0.07403953748601268,7.079779386520386,254.0,,,,,200.0,0.89,False,False,False,nearly_complete,,,
sunday-optuna-test-small-10-trials-50-epochs,hypertune_rsynced_from_taco/hypertune_rsynced_from_taco,valid_route_accuracy,fe3fcab5ae08f87611a00b1b6276db9ffda28603,fe3fcab5,2026-06-13T21:46:10+00:00,"structured run.jsonl logging, sqlite storage, jsonl append fix",1,COMPLETE,2026-06-14 16:48:18.806669,2026-06-14 17:17:19.150979,29.0,0.28125,dropout|head_dim|lr|n_heads|n_layers,2.0,24.0,128.0,256.0,20.0,relu,False,0.25506292509516704,0.25506292509516704,0.25506292509516704,False,,,0.00034289745752659603,0.98,512.0,50.0,,,crossEntropyLoss,589.0,small,1024.0,2.0,n1+n5,1.0,0.0,2.0,-2.0,2.0,-2.0,1.0,1.0,2.0,100.0,49,50.0,0.28125,0.25506292509516704,128.0,0.00034289745752659603,2.0,24.0,50.0,0.2056902316822247,0.2794036554676612,0.19697453986321176,0.2772792082529565,0.07646400596792241,0.2772792082529565,0.07665050354345393,32.89728021621704,,,,,,50.0,1.0,False,False,False,complete,,,
sunday-optuna-test-small-10-trials-50-epochs,hypertune_rsynced_from_taco,valid_route_accuracy,fe3fcab5ae08f87611a00b1b6276db9ffda28603,fe3fcab5,2026-06-13T21:46:10+00:00,"structured run.jsonl logging, sqlite storage, jsonl append fix",1,COMPLETE,2026-06-14 16:48:18.806669,2026-06-14 17:17:19.150979,29.0,0.28125,dropout|head_dim|lr|n_heads|n_layers,2.0,24.0,128.0,256.0,20.0,relu,False,0.25506292509516704,0.25506292509516704,0.25506292509516704,False,,,0.00034289745752659603,0.98,512.0,50.0,,,crossEntropyLoss,589.0,small,1024.0,2.0,n1+n5,1.0,0.0,2.0,-2.0,2.0,-2.0,1.0,1.0,2.0,100.0,49,50.0,0.28125,0.25506292509516704,128.0,0.00034289745752659603,2.0,24.0,50.0,0.2056902316822247,0.2794036554676612,0.19697453986321176,0.2772792082529565,0.07646400596792241,0.2772792082529565,0.07665050354345393,32.89728021621704,,,,,,50.0,1.0,False,False,False,complete,,,
compare2_small_structured_dropout,hypertune-compare2_small_structured_dropout,valid_route_accuracy,e4fc570153c066e17388ad1260a65720f8720f51,e4fc5701,2026-06-15T06:15:41+00:00,hypertune: always run route eval at end of every trial,7,COMPLETE,2026-06-15 12:10:05.002159,2026-06-15 12:26:22.483976,16.3,0.06751212234240955,dropout|head_dim|lr|n_heads|n_layers|structured_dropout_bottleneck,1.0,4.0,256.0,256.0,20.0,relu,False,0.2608960612317728,0.2608960612317728,0.2608960612317728,True,216.0,,0.08622702852912188,0.98,512.0,200.0,20.0,,crossEntropyLoss,589.0,small,1024.0,2.0,n1+n5,1.0,0.0,2.0,-2.0,2.0,-2.0,1.0,1.0,2.0,100.0,85,86.0,0.296875,0.2608960612317728,256.0,0.08622702852912188,1.0,4.0,86.0,0.00864401541184634,0.21392406332400918,0.04434257596481724,0.20112387821856914,0.03189108541588959,0.2737566048813218,0.06751212234240955,9.194029331207275,216.0,,,,,200.0,0.43,False,True,False,early_stopped,,,
compare_small_standard_dropout_baseline,hypertune-compare_small_standard_dropout_baseline,valid_route_accuracy,99d9854f1a3c2a8e6ea2b15482bd3e79ccaedb2d,99d9854f,2026-06-14T23:05:13+00:00,add structured_dropout_bottleneck to optuna search space and runner override,4,COMPLETE,2026-06-15 00:04:32.965043,2026-06-15 00:30:47.958470,26.2,0.2735049903547765,dropout|head_dim|lr|n_heads|n_layers,1.0,3.0,128.0,128.0,20.0,relu,False,0.43160326497714585,0.43160326497714585,0.43160326497714585,False,,,0.00013321646274713019,0.98,512.0,200.0,6.0,,crossEntropyLoss,589.0,small,1024.0,2.0,n1+n5,1.0,0.0,2.0,-2.0,2.0,-2.0,1.0,1.0,2.0,100.0,199,200.0,0.3046875,0.43160326497714585,128.0,0.00013321646274713019,1.0,3.0,200.0,0.2589466846124692,0.26257005644619563,0.22315077998098873,0.2735049903547765,0.07459903021260723,0.2735049903547765,0.07478552778813875,7.869661808013916,,,,,,200.0,1.0,False,False,False,complete,,,
compare2_small_structured_dropout,hypertune-compare2_small_structured_dropout,valid_route_accuracy,e4fc570153c066e17388ad1260a65720f8720f51,e4fc5701,2026-06-15T06:15:41+00:00,hypertune: always run route eval at end of every trial,6,COMPLETE,2026-06-15 11:59:58.814455,2026-06-15 12:10:04.950529,10.1,0.06639313688922044,dropout|head_dim|lr|n_heads|n_layers|structured_dropout_bottleneck,3.0,2.0,64.0,192.0,20.0,relu,False,0.2057931176333245,0.2057931176333245,0.2057931176333245,True,186.0,,0.11844380025070149,0.98,512.0,200.0,20.0,,crossEntropyLoss,589.0,small,1024.0,2.0,n1+n5,1.0,0.0,2.0,-2.0,2.0,-2.0,1.0,1.0,2.0,100.0,70,71.0,0.2421875,0.2057931176333245,64.0,0.11844380025070149,3.0,2.0,71.0,0.009144334453263913,0.21934811160906748,0.04717286349374002,0.2198272246917722,0.044199925400969786,0.27165981716011073,0.06639313688922044,7.459746837615967,186.0,,,,,200.0,0.355,False,True,False,early_stopped,,,
compare2_small_structured_dropout,hypertune-compare2_small_structured_dropout,valid_route_accuracy,e4fc570153c066e17388ad1260a65720f8720f51,e4fc5701,2026-06-15T06:15:41+00:00,hypertune: always run route eval at end of every trial,8,COMPLETE,2026-06-15 12:26:22.552393,2026-06-15 12:35:29.611765,9.1,0.06583364416262588,dropout|head_dim|lr|n_heads|n_layers|structured_dropout_bottleneck,2.0,2.0,64.0,128.0,20.0,relu,False,0.2959537345244516,0.2959537345244516,0.2959537345244516,True,46.0,,0.0902407027788768,0.98,512.0,200.0,20.0,,crossEntropyLoss,589.0,small,1024.0,2.0,n1+n5,1.0,0.0,2.0,-2.0,2.0,-2.0,1.0,1.0,2.0,100.0,68,69.0,0.265625,0.2959537345244516,64.0,0.0902407027788768,2.0,2.0,69.0,0.012958818528039212,0.23088799991979225,0.05887147028988693,0.24196930302776146,0.05165982842223051,0.2710727165981716,0.06583364416262588,6.926365375518799,46.0,,,,,200.0,0.345,False,True,False,early_stopped,,,
retrosynformer_hypertune,hypertune-tiny,valid_route_accuracy,17d85b4d2f5227855da1ca718b91bd2ac79c559b,17d85b4d,2026-06-13T03:27:18+00:00,monitoring scripts,0,RUNNING,2026-06-13 14:48:22.330113,,,,dropout|head_dim|lr|n_heads|n_layers,1.0,3.0,256.0,256.0,20.0,relu,False,0.1,0.1,0.1,False,,,0.211,0.98,512.0,40.0,,,crossEntropyLoss,589.0,small,1024.0,2.0,n1+n5,1.0,0.0,2.0,-2.0,2.0,-2.0,1.0,1.0,2.0,100.0,39,496.0,0.328125,0.1,256.0,0.211,1.0,3.0,40.0,0.007769644277604212,0.24643827513259342,0.05298391066580301,0.24465319131091168,0.054457292055203284,0.2682210852973245,0.07068258112644536,9.055319547653198,,,,,,,1.0,False,False,False,no_complete_ref,,,
standard-v2-lr0005,hypertune-standard-v2-lr0005,valid_route_accuracy,90c44c5b92126005642b0b9c5d979bde4cbf2eff,90c44c5b,2026-06-16T05:03:10+00:00,add 3 layers to list of n_layers possiblities because its hardcoded deep in the baseline code,0,COMPLETE,2026-06-16 14:21:28.993840,2026-06-16 16:01:33.159980,100.1,0.046460715154463636,dropout|head_dim|lr|n_heads|n_layers,4.0,3.0,256.0,1024.0,20.0,relu,False,0.1,0.1,0.1,False,,,0.0005,0.98,512.0,100.0,15.0,10.0,crossEntropyLoss,1573.0,standard,1024.0,2.0,n1+n5,1.0,0.0,2.0,-2.0,2.0,-2.0,1.0,1.0,10.0,50.0,99,100.0,0.3140625,0.1,256.0,0.0005,4.0,3.0,100.0,0.02811052977234464,0.27015778896965786,0.057754614390432835,0.26424870466321243,0.044879591340306495,0.2674489484913136,0.046460715154463636,53.43315601348877,,,,,,100.0,1.0,False,False,False,complete,,,
small_baseline,hypertune-small_baseline,valid_route_accuracy,4b2f119ca23f517ef35cf582b8de71a0b38ed4f5,4b2f119c,2026-06-14T21:36:49+00:00,add --eval-n-batches to hypertune; fix missing logger in runner; reduce small.yaml eval defaults,0,COMPLETE,2026-06-14 21:53:57.614923,2026-06-14 22:00:07.988787,6.2,0.0,dropout|head_dim|lr|n_heads|n_layers,1.0,3.0,256.0,256.0,20.0,relu,False,0.1,0.1,0.1,False,,,0.211,0.98,512.0,200.0,6.0,,crossEntropyLoss,589.0,small,1024.0,2.0,n1+n5,1.0,0.0,2.0,-2.0,2.0,-2.0,1.0,1.0,2.0,100.0,33,39.0,,0.1,256.0,0.211,1.0,3.0,34.0,0.009011316479617644,0.2450045618151011,0.056792123592458665,0.2581565042355112,0.06639313688922044,0.2667952696469009,0.07030958597538232,9.018686056137085,,,,,,153.0,0.17,False,True,False,early_stopped,,,
standard-v2-lr0005,hypertune-standard-v2-lr0005,valid_route_accuracy,90c44c5b92126005642b0b9c5d979bde4cbf2eff,90c44c5b,2026-06-16T05:03:10+00:00,add 3 layers to list of n_layers possiblities because its hardcoded deep in the baseline code,11,COMPLETE,2026-06-17 06:24:24.733147,2026-06-17 08:01:09.261821,96.7,0.05181221114084165,dropout|head_dim|lr|n_heads|n_layers,2.0,24.0,128.0,256.0,20.0,relu,False,0.2847917090379458,0.2847917090379458,0.2847917090379458,False,,,0.0016034422243743692,0.98,512.0,100.0,15.0,10.0,crossEntropyLoss,1573.0,standard,1024.0,2.0,n1+n5,1.0,0.0,2.0,-2.0,2.0,-2.0,1.0,1.0,10.0,50.0,99,100.0,0.3078125,0.2847917090379458,128.0,0.0016034422243743692,2.0,24.0,100.0,0.030851315724606993,0.24911305728533506,0.0688726963013295,0.2431169358935284,0.03332522500608125,0.2647566798740221,0.05181221114084165,51.8591570854187,,,,,,100.0,1.0,False,False,False,complete,,,
standard-v2-lr0005,hypertune-standard-v2-lr0005,valid_route_accuracy,90c44c5b92126005642b0b9c5d979bde4cbf2eff,90c44c5b,2026-06-16T05:03:10+00:00,add 3 layers to list of n_layers possiblities because its hardcoded deep in the baseline code,5,RUNNING,2026-06-16 19:46:47.164232,,,,dropout|head_dim|lr|n_heads|n_layers,2.0,8.0,128.0,256.0,20.0,relu,False,0.046511271599936885,0.046511271599936885,0.046511271599936885,False,,,0.0009793400530594232,0.98,512.0,200.0,15.0,10.0,crossEntropyLoss,1573.0,standard,1024.0,2.0,n1+n5,1.0,0.0,2.0,-2.0,2.0,-2.0,1.0,1.0,10.0,50.0,14,7.0,0.3328125,0.2658157133033456,64.0,0.0033888362430407057,4.0,2.0,15.0,0.2516537523179343,0.2684521299029945,0.26168162173541015,0.26445189474753633,0.04877158842130869,0.26445189474753633,0.04925808805643396,24.458365201950073,,,,,,100.0,0.075,True,False,False,running,0.322628,0.067979,11.0
baseline_small_hyperparameter_tuning,hypertune-baseline_small_hyperparameter_tuning,valid_route_accuracy,96661e62769fd797bedcb96b1977fbd20daf933c,96661e62,2026-06-15T17:41:54+00:00,"plot-learning-curves: include RUNNING trials, not just COMPLETE",5,COMPLETE,2026-06-15 22:45:35.519648,2026-06-15 22:55:00.378351,9.4,0.06657963446475196,head_dim|lr|n_heads|n_layers,1.0,3.0,256.0,256.0,20.0,relu,False,0.0,0.0,0.0,False,,,0.153586166471145,0.98,512.0,80.0,30.0,10.0,crossEntropyLoss,589.0,small,1024.0,2.0,n1+n5,1.0,0.0,2.0,-2.0,2.0,-2.0,1.0,1.0,2.0,100.0,52,53.0,0.3359375,,256.0,0.153586166471145,1.0,3.0,53.0,0.006742266629854302,0.2667609107588655,0.05888666104320215,0.2587436047974503,0.06061171204774338,0.2625178226956303,0.06657963446475196,9.927095174789429,,,,,,80.0,0.6625,False,True,False,early_stopped,,,
small_sd,hypertune-small_sd,valid_route_accuracy,363a53359d0f9ea38153e5282c6dffe7ecece4b3,363a5335,2026-06-15T01:33:41+00:00,fix hypertune verbose,0,FAIL,2026-06-15 02:43:40.608032,2026-06-15 02:43:40.612548,0.0,,,1.0,3.0,256.0,256.0,20.0,relu,False,0.1,0.1,0.1,True,99.0,,0.211,0.98,512.0,200.0,4.0,,crossEntropyLoss,589.0,small,1024.0,2.0,n1+n5,1.0,0.0,2.0,-2.0,2.0,-2.0,1.0,1.0,2.0,100.0,27,28.0,,,,,,,28.0,0.011518817032496869,0.2167614120572282,0.044591772968747785,0.19785288937347983,0.03897799328608728,0.26184685062484275,0.06657963446475196,9.292815446853638,,,,,,,0.14,False,False,False,no_complete_ref,,,
sunday-optuna-test-small-7-trials-40-epochs,hypertune-incomplete,valid_route_accuracy,fe3fcab5ae08f87611a00b1b6276db9ffda28603,fe3fcab5,2026-06-13T21:46:10+00:00,"structured run.jsonl logging, sqlite storage, jsonl append fix",0,COMPLETE,2026-06-14 16:00:08.302617,2026-06-14 16:07:40.636007,7.5,0.3046875,dropout|head_dim|lr|n_heads|n_layers,1.0,3.0,256.0,256.0,20.0,relu,False,0.1,0.1,0.1,False,,,0.211,0.98,512.0,40.0,,,crossEntropyLoss,589.0,small,1024.0,2.0,n1+n5,1.0,0.0,2.0,-2.0,2.0,-2.0,1.0,1.0,2.0,100.0,39,40.0,0.3046875,0.1,256.0,0.211,1.0,3.0,40.0,0.007844475676062179,0.25858974744588487,0.0530308485620134,0.2583242472532081,0.05949272659455427,0.2594984483770863,0.06471465870943678,7.952885627746582,,,,,,40.0,1.0,False,False,False,complete,,,
sunday-optuna-test-small-10-trials-50-epochs,hypertune_rsynced_from_taco/hypertune_rsynced_from_taco,valid_route_accuracy,fe3fcab5ae08f87611a00b1b6276db9ffda28603,fe3fcab5,2026-06-13T21:46:10+00:00,"structured run.jsonl logging, sqlite storage, jsonl append fix",0,COMPLETE,2026-06-14 16:39:11.445115,2026-06-14 16:48:18.689856,9.1,0.296875,dropout|head_dim|lr|n_heads|n_layers,1.0,3.0,256.0,256.0,20.0,relu,False,0.1,0.1,0.1,False,,,0.211,0.98,512.0,50.0,,,crossEntropyLoss,589.0,small,1024.0,2.0,n1+n5,1.0,0.0,2.0,-2.0,2.0,-2.0,1.0,1.0,2.0,100.0,49,50.0,0.296875,0.1,256.0,0.211,1.0,3.0,50.0,0.007680064568624154,0.25259421902728063,0.051982488710477594,0.25119516900109035,0.05762775083923909,0.2591629623416925,0.06042521447221186,9.405715703964233,,,,,,50.0,1.0,False,False,False,complete,,,
sunday-optuna-test-small-10-trials-50-epochs,hypertune_rsynced_from_taco,valid_route_accuracy,fe3fcab5ae08f87611a00b1b6276db9ffda28603,fe3fcab5,2026-06-13T21:46:10+00:00,"structured run.jsonl logging, sqlite storage, jsonl append fix",0,COMPLETE,2026-06-14 16:39:11.445115,2026-06-14 16:48:18.689856,9.1,0.296875,dropout|head_dim|lr|n_heads|n_layers,1.0,3.0,256.0,256.0,20.0,relu,False,0.1,0.1,0.1,False,,,0.211,0.98,512.0,50.0,,,crossEntropyLoss,589.0,small,1024.0,2.0,n1+n5,1.0,0.0,2.0,-2.0,2.0,-2.0,1.0,1.0,2.0,100.0,49,50.0,0.296875,0.1,256.0,0.211,1.0,3.0,50.0,0.007680064568624154,0.25259421902728063,0.051982488710477594,0.25119516900109035,0.05762775083923909,0.2591629623416925,0.06042521447221186,9.405715703964233,,,,,,50.0,1.0,False,False,False,complete,,,
compare2_small_standard_dropout,hypertune-compare2_small_standard_dropout,valid_route_accuracy,a7319b783badc12d129e3aeb7e5165f0e4e2a31f,a7319b78,2026-06-15T05:43:54+00:00,"plot-learning-curves: larger fonts, doubled line width, 50% alpha",2,COMPLETE,2026-06-15 06:25:42.213760,2026-06-15 06:36:26.989112,10.7,0.2589113478151472,dropout|head_dim|lr|n_heads|n_layers,3.0,2.0,128.0,384.0,20.0,relu,False,0.005665284660855829,0.005665284660855829,0.005665284660855829,False,,,0.07559181724857351,0.98,512.0,200.0,20.0,,crossEntropyLoss,589.0,small,1024.0,2.0,n1+n5,1.0,0.0,2.0,-2.0,2.0,-2.0,1.0,1.0,2.0,100.0,57,58.0,0.3515625,0.005665284660855829,128.0,0.07559181724857351,3.0,2.0,58.0,0.006675845755539326,0.23550997082443528,0.043040829197187644,0.22620145936425395,0.04718388660947408,0.2589113478151472,0.06546064901156284,9.800920724868774,,,,,,200.0,0.29,False,True,False,early_stopped,,,
compare_small_standard_dropout_baseline,hypertune-compare_small_standard_dropout_baseline,valid_route_accuracy,99d9854f1a3c2a8e6ea2b15482bd3e79ccaedb2d,99d9854f,2026-06-14T23:05:13+00:00,add structured_dropout_bottleneck to optuna search space and runner override,0,COMPLETE,2026-06-14 23:06:32.734140,2026-06-14 23:10:19.844678,3.8,0.296875,dropout|head_dim|lr|n_heads|n_layers,1.0,3.0,256.0,256.0,20.0,relu,False,0.1,0.1,0.1,False,,,0.211,0.98,512.0,200.0,6.0,,crossEntropyLoss,589.0,small,1024.0,2.0,n1+n5,1.0,0.0,2.0,-2.0,2.0,-2.0,1.0,1.0,2.0,100.0,16,17.0,0.296875,0.1,256.0,0.211,1.0,3.0,17.0,0.012960671251428059,0.24305952416759408,0.05617608835122415,0.2408789734127317,0.05184632599776203,0.2545500293550281,0.07068258112644536,9.239742040634155,,,,,,200.0,0.085,False,True,False,early_stopped,,,
compare_small_structured_dropout,hypertune-compare_small_structured_dropout,valid_route_accuracy,bc540b24ce63fa48db3d2f63634c29db3518c9db,bc540b24,2026-06-15T04:15:34+00:00,bump version to 0.1.5 and add release notes,0,COMPLETE,2026-06-15 04:29:00.861064,2026-06-15 04:35:00.710483,6.0,0.2537951857753921,dropout|head_dim|lr|n_heads|n_layers|structured_dropout_bottleneck,1.0,3.0,256.0,256.0,20.0,relu,False,0.1,0.1,0.1,True,131.0,,0.211,0.98,512.0,200.0,6.0,,crossEntropyLoss,589.0,small,1024.0,2.0,n1+n5,1.0,0.0,2.0,-2.0,2.0,-2.0,1.0,1.0,2.0,100.0,30,31.0,0.1796875,0.1,256.0,0.211,1.0,3.0,31.0,0.011533939181721176,0.21699200930409762,0.04562763519130558,0.2121949173865638,0.0391644908616188,0.2537951857753921,0.06135770234986945,9.25743317604065,131.0,,,,,46.0,0.155,False,True,False,early_stopped,,,
standard-v2-lr0005,hypertune-standard-v2-lr0005,valid_route_accuracy,90c44c5b92126005642b0b9c5d979bde4cbf2eff,90c44c5b,2026-06-16T05:03:10+00:00,add 3 layers to list of n_layers possiblities because its hardcoded deep in the baseline code,10,COMPLETE,2026-06-17 05:12:52.017945,2026-06-17 06:24:24.544021,71.5,0.04244709316468013,dropout|head_dim|lr|n_heads|n_layers,1.0,32.0,128.0,128.0,20.0,relu,False,0.09596862157916104,0.09596862157916104,0.09596862157916104,False,,,0.0005916581909849158,0.98,512.0,100.0,15.0,10.0,crossEntropyLoss,1573.0,standard,1024.0,2.0,n1+n5,1.0,0.0,2.0,-2.0,2.0,-2.0,1.0,1.0,10.0,50.0,99,100.0,0.28125,0.09596862157916104,128.0,0.0005916581909849158,1.0,32.0,100.0,0.089019507578941,0.25364700920435657,0.12631344001076017,0.2502793863659453,0.03879834590124057,0.2534796301940465,0.04244709316468013,37.05804705619812,,,,,,100.0,1.0,False,False,False,complete,,,
compare2_small_standard_dropout,hypertune-compare2_small_standard_dropout,valid_route_accuracy,a7319b783badc12d129e3aeb7e5165f0e4e2a31f,a7319b78,2026-06-15T05:43:54+00:00,"plot-learning-curves: larger fonts, doubled line width, 50% alpha",0,COMPLETE,2026-06-15 05:46:35.108966,2026-06-15 05:53:00.457202,6.4,0.252453241633817,dropout|head_dim|lr|n_heads|n_layers,1.0,3.0,256.0,256.0,20.0,relu,False,0.1,0.1,0.1,False,,,0.211,0.98,512.0,200.0,20.0,,crossEntropyLoss,589.0,small,1024.0,2.0,n1+n5,1.0,0.0,2.0,-2.0,2.0,-2.0,1.0,1.0,2.0,100.0,33,34.0,0.2890625,0.1,256.0,0.211,1.0,3.0,34.0,0.008154964914534834,0.24693957349535298,0.0546195112651081,0.24767256562945567,0.0566952629615815,0.252453241633817,0.060798209623274896,9.480803966522217,,,,,,200.0,0.17,False,True,False,early_stopped,,,
compare_small_standard_dropout_baseline,hypertune-compare_small_standard_dropout_baseline,valid_route_accuracy,99d9854f1a3c2a8e6ea2b15482bd3e79ccaedb2d,99d9854f,2026-06-14T23:05:13+00:00,add structured_dropout_bottleneck to optuna search space and runner override,10,COMPLETE,2026-06-15 02:02:42.866435,2026-06-15 02:06:37.751887,3.9,0.25136291201878724,dropout|head_dim|lr|n_heads|n_layers,1.0,3.0,256.0,256.0,20.0,relu,False,0.402879487009259,0.402879487009259,0.402879487009259,False,,,0.3755529714901235,0.98,512.0,200.0,6.0,,crossEntropyLoss,589.0,small,1024.0,2.0,n1+n5,1.0,0.0,2.0,-2.0,2.0,-2.0,1.0,1.0,2.0,100.0,16,17.0,0.3359375,0.402879487009259,256.0,0.3755529714901235,1.0,3.0,17.0,0.025568289841017264,0.2301861822119289,0.06246455077226052,0.24465319131091168,0.054270794479671765,0.25136291201878724,0.060984707198806415,9.784601926803589,,,,,,200.0,0.085,False,True,False,early_stopped,,,
small_baseline,hypertune-small_baseline,valid_route_accuracy,4b2f119ca23f517ef35cf582b8de71a0b38ed4f5,4b2f119c,2026-06-14T21:36:49+00:00,add --eval-n-batches to hypertune; fix missing logger in runner; reduce small.yaml eval defaults,4,COMPLETE,2026-06-14 22:47:34.510173,2026-06-14 22:53:12.377471,5.6,0.0,dropout|head_dim|lr|n_heads|n_layers,3.0,4.0,64.0,192.0,20.0,relu,False,0.19786492353104754,0.19786492353104754,0.19786492353104754,False,,,0.19539607332795184,0.98,512.0,200.0,6.0,,crossEntropyLoss,589.0,small,1024.0,2.0,n1+n5,1.0,0.0,2.0,-2.0,2.0,-2.0,1.0,1.0,2.0,100.0,30,31.0,,0.19786492353104754,64.0,0.19539607332795184,3.0,4.0,31.0,0.011430737919660962,0.213021726271042,0.046699886092461555,0.21362073303698734,0.0432674375233122,0.25094355447454497,0.060798209623274896,9.062215805053711,,,,,,153.0,0.155,False,True,False,early_stopped,,,
compare_small_standard_dropout_baseline,hypertune-compare_small_standard_dropout_baseline,valid_route_accuracy,99d9854f1a3c2a8e6ea2b15482bd3e79ccaedb2d,99d9854f,2026-06-14T23:05:13+00:00,add structured_dropout_bottleneck to optuna search space and runner override,5,COMPLETE,2026-06-15 00:30:47.989264,2026-06-15 00:35:29.635967,4.7,0.25052419693030276,dropout|head_dim|lr|n_heads|n_layers,1.0,2.0,128.0,128.0,20.0,relu,False,0.12343707411498486,0.12343707411498486,0.12343707411498486,False,,,0.22206474154972863,0.98,512.0,200.0,6.0,,crossEntropyLoss,589.0,small,1024.0,2.0,n1+n5,1.0,0.0,2.0,-2.0,2.0,-2.0,1.0,1.0,2.0,100.0,29,30.0,0.34375,0.12343707411498486,128.0,0.22206474154972863,1.0,2.0,30.0,0.011667587516554207,0.2321713237284567,0.0637296770083984,0.23425312421370462,0.05016784781797837,0.25052419693030276,0.060798209623274896,7.072827339172363,,,,,,200.0,0.15,False,True,False,early_stopped,,,
sunday-optuna-test-small-7-trials-40-epochs,hypertune-incomplete,valid_route_accuracy,fe3fcab5ae08f87611a00b1b6276db9ffda28603,fe3fcab5,2026-06-13T21:46:10+00:00,"structured run.jsonl logging, sqlite storage, jsonl append fix",1,FAIL,2026-06-14 16:07:40.744409,2026-06-14 16:27:20.241613,19.7,,dropout|head_dim|lr|n_heads|n_layers,8.0,32.0,128.0,1024.0,20.0,relu,False,0.26453415479476344,0.26453415479476344,0.26453415479476344,False,,,0.023808964839348995,0.98,512.0,40.0,,,crossEntropyLoss,589.0,small,1024.0,2.0,n1+n5,1.0,0.0,2.0,-2.0,2.0,-2.0,1.0,1.0,2.0,100.0,2,3.0,,0.26453415479476344,128.0,0.023808964839348995,8.0,32.0,3.0,0.04413047978993167,0.25790798167253187,0.049660642531567385,0.24473706281976013,0.06415516598284222,0.2473370795940619,0.06415516598284222,298.0247554779053,,,,,,40.0,0.075,True,False,False,killed,0.323304,0.102589,1.0
baseline-standard-lr211-100epochs,hypertune-baseline-standard-lr211-100epochs,valid_route_accuracy,90c44c5b92126005642b0b9c5d979bde4cbf2eff,90c44c5b,2026-06-16T05:03:10+00:00,add 3 layers to list of n_layers possiblities because its hardcoded deep in the baseline code,1,FAIL,2026-06-16 13:35:11.962354,2026-06-16 14:16:25.197027,41.2,,dropout|head_dim|lr|n_heads|n_layers,4.0,3.0,256.0,1024.0,20.0,relu,False,0.08984198483020613,0.08984198483020613,0.08984198483020613,False,,,0.0005463494759354172,0.98,64.0,200.0,25.0,15.0,crossEntropyLoss,2957.0,large,1024.0,2.0,n1+n5,1.0,0.0,2.0,-2.0,2.0,-2.0,1.0,1.0,10.0,100.0,29,30.0,,0.08984198483020613,256.0,0.0005463494759354172,4.0,3.0,30.0,0.014475669418409689,0.2551408267818778,0.05337163805961609,0.24113718755962602,0.029403475810239547,0.24365579087960312,0.030812588069516204,73.47153663635254,,,,,,,0.15,False,False,False,no_complete_ref,,,
baseline_small_hyperparameter_tuning,hypertune-baseline_small_hyperparameter_tuning,valid_route_accuracy,96661e62769fd797bedcb96b1977fbd20daf933c,96661e62,2026-06-15T17:41:54+00:00,"plot-learning-curves: include RUNNING trials, not just COMPLETE",7,COMPLETE,2026-06-15 23:09:30.892036,2026-06-15 23:16:57.754184,7.4,0.060984707198806415,head_dim|lr|n_heads|n_layers,2.0,3.0,128.0,256.0,20.0,relu,False,0.0,0.0,0.0,False,,,0.19086334128092,0.98,512.0,80.0,30.0,10.0,crossEntropyLoss,589.0,small,1024.0,2.0,n1+n5,1.0,0.0,2.0,-2.0,2.0,-2.0,1.0,1.0,2.0,100.0,40,41.0,0.3203125,,128.0,0.19086334128092,2.0,3.0,41.0,0.006676496497344819,0.24960648078523376,0.057773368680500425,0.24213704604545835,0.05296531145095114,0.24213704604545835,0.060984707198806415,9.191784620285034,,,,,,80.0,0.5125,False,True,False,early_stopped,,,
standard-v2-lr0005,hypertune-standard-v2-lr0005,valid_route_accuracy,90c44c5b92126005642b0b9c5d979bde4cbf2eff,90c44c5b,2026-06-16T05:03:10+00:00,add 3 layers to list of n_layers possiblities because its hardcoded deep in the baseline code,9,COMPLETE,2026-06-17 04:21:56.819000,2026-06-17 05:12:51.871406,50.9,0.046217465336901,dropout|head_dim|lr|n_heads|n_layers,1.0,8.0,256.0,256.0,20.0,relu,False,0.014297239343310574,0.014297239343310574,0.014297239343310574,False,,,6.074842756895384e-05,0.98,512.0,100.0,15.0,10.0,crossEntropyLoss,1573.0,standard,1024.0,2.0,n1+n5,1.0,0.0,2.0,-2.0,2.0,-2.0,1.0,1.0,10.0,50.0,99,100.0,0.253125,0.014297239343310574,256.0,6.074842756895384e-05,1.0,8.0,100.0,0.4040456591456225,0.24413253281067804,0.41069643465123434,0.24093264248704663,0.046217465336901,0.24093264248704663,0.046217465336901,24.319992780685425,,,,,,100.0,1.0,False,False,False,complete,,,
sunday-optuna-test-small-10-trials-50-epochs,hypertune_rsynced_from_taco,valid_route_accuracy,fe3fcab5ae08f87611a00b1b6276db9ffda28603,fe3fcab5,2026-06-13T21:46:10+00:00,"structured run.jsonl logging, sqlite storage, jsonl append fix",2,COMPLETE,2026-06-14 17:17:19.259775,2026-06-14 17:31:40.752407,14.4,0.25,dropout|head_dim|lr|n_heads|n_layers,1.0,12.0,64.0,64.0,20.0,relu,False,0.038776489771374385,0.038776489771374385,0.038776489771374385,False,,,0.0002421508040010929,0.98,512.0,50.0,,,crossEntropyLoss,589.0,small,1024.0,2.0,n1+n5,1.0,0.0,2.0,-2.0,2.0,-2.0,1.0,1.0,2.0,100.0,49,50.0,0.25,0.038776489771374385,64.0,0.0002421508040010929,1.0,12.0,50.0,0.38443567299030046,0.2398111107769122,0.3739621898248082,0.23911767172691437,0.05818724356583364,0.23911767172691437,0.05818724356583364,10.298912525177002,,,,,,50.0,1.0,False,False,False,complete,,,
sunday-optuna-test-small-10-trials-50-epochs,hypertune_rsynced_from_taco/hypertune_rsynced_from_taco,valid_route_accuracy,fe3fcab5ae08f87611a00b1b6276db9ffda28603,fe3fcab5,2026-06-13T21:46:10+00:00,"structured run.jsonl logging, sqlite storage, jsonl append fix",2,COMPLETE,2026-06-14 17:17:19.259775,2026-06-14 17:31:40.752407,14.4,0.25,dropout|head_dim|lr|n_heads|n_layers,1.0,12.0,64.0,64.0,20.0,relu,False,0.038776489771374385,0.038776489771374385,0.038776489771374385,False,,,0.0002421508040010929,0.98,512.0,50.0,,,crossEntropyLoss,589.0,small,1024.0,2.0,n1+n5,1.0,0.0,2.0,-2.0,2.0,-2.0,1.0,1.0,2.0,100.0,49,50.0,0.25,0.038776489771374385,64.0,0.0002421508040010929,1.0,12.0,50.0,0.38443567299030046,0.2398111107769122,0.3739621898248082,0.23911767172691437,0.05818724356583364,0.23911767172691437,0.05818724356583364,10.298912525177002,,,,,,50.0,1.0,False,False,False,complete,,,
baseline_small_hyperparameter_tuning,hypertune-baseline_small_hyperparameter_tuning,valid_route_accuracy,96661e62769fd797bedcb96b1977fbd20daf933c,96661e62,2026-06-15T17:41:54+00:00,"plot-learning-curves: include RUNNING trials, not just COMPLETE",8,COMPLETE,2026-06-15 23:16:57.822575,2026-06-15 23:41:28.297679,24.5,0.05911973144349123,head_dim|lr|n_heads|n_layers,2.0,4.0,256.0,512.0,20.0,relu,False,0.0,0.0,0.0,False,,,0.05891707268312735,0.98,512.0,80.0,30.0,10.0,crossEntropyLoss,589.0,small,1024.0,2.0,n1+n5,1.0,0.0,2.0,-2.0,2.0,-2.0,1.0,1.0,2.0,100.0,73,74.0,0.3046875,,256.0,0.05891707268312735,2.0,4.0,74.0,0.006507985344135456,0.23335438786456925,0.0370522743670292,0.21705946489977354,0.04606490115628497,0.23626604042606728,0.05911973144349123,18.845149278640747,,,,,,80.0,0.925,False,False,False,complete,,,
nodropout-sd,hypertune-nodropout-sd,valid_route_accuracy,33df126f18ce48c5ef27a0a1ef320b3a079875d4,33df126f,2026-06-15T12:45:20+00:00,5trials,0,COMPLETE,2026-06-15 14:25:02.801659,2026-06-15 14:43:26.193878,18.4,0.054084296904140246,head_dim|lr|n_heads|n_layers|structured_dropout_bottleneck|structured_dropout_rate,1.0,3.0,256.0,256.0,20.0,relu,False,0.0,0.0,0.0,True,331.0,0.9653259919608063,0.211,0.98,512.0,200.0,20.0,,crossEntropyLoss,589.0,small,1024.0,2.0,n1+n5,1.0,0.0,2.0,-2.0,2.0,-2.0,1.0,1.0,2.0,100.0,53,54.0,0.3359375,,256.0,0.211,1.0,3.0,54.0,0.006909691481268965,0.21684161979526975,0.053013509736047126,0.2017948502893567,0.04196195449459157,0.2350079677933406,0.054084296904140246,18.02648425102234,331.0,0.9653259919608063,,,,200.0,0.27,False,True,False,early_stopped,,,
compare_small_structured_dropout,hypertune-compare_small_structured_dropout,valid_route_accuracy,bc540b24ce63fa48db3d2f63634c29db3518c9db,bc540b24,2026-06-15T04:15:34+00:00,bump version to 0.1.5 and add release notes,1,COMPLETE,2026-06-15 04:35:00.766168,2026-06-15 04:41:54.187401,6.9,0.23207246498364506,dropout|head_dim|lr|n_heads|n_layers|structured_dropout_bottleneck,1.0,4.0,64.0,64.0,20.0,relu,False,0.24718074351547972,0.24718074351547972,0.24718074351547972,True,438.0,,0.09840068332993271,0.98,512.0,200.0,6.0,,crossEntropyLoss,589.0,small,1024.0,2.0,n1+n5,1.0,0.0,2.0,-2.0,2.0,-2.0,1.0,1.0,2.0,100.0,45,46.0,0.25,0.24718074351547972,64.0,0.09840068332993271,1.0,4.0,46.0,0.02650758080099794,0.1686267432650565,0.04876616535364606,0.17789147026755012,0.02816113390525923,0.23207246498364506,0.054084296904140246,7.068369626998901,438.0,,,,,46.0,0.23,False,False,False,complete,,,
nodropout-baseline,hypertune-nodropout-baseline,valid_route_accuracy,33df126f18ce48c5ef27a0a1ef320b3a079875d4,33df126f,2026-06-15T12:45:20+00:00,5trials,0,COMPLETE,2026-06-15 13:37:52.315466,2026-06-15 13:45:11.788395,7.3,0.05520328235732935,head_dim|lr|n_heads|n_layers,1.0,3.0,256.0,256.0,20.0,relu,False,0.0,0.0,0.0,True,484.0,0.10010099655424747,0.211,0.98,512.0,200.0,20.0,,crossEntropyLoss,589.0,small,1024.0,2.0,n1+n5,1.0,0.0,2.0,-2.0,2.0,-2.0,1.0,1.0,2.0,100.0,37,73.0,0.3359375,,256.0,0.211,1.0,3.0,38.0,0.006661696280141107,0.2348382310183375,0.0600023114529904,0.23039503480667617,0.05184632599776203,0.23173697894825127,0.05184632599776203,10.682994842529297,,,,,,200.0,0.19,False,True,False,early_stopped,,,
compare_small_structured_dropout,hypertune-compare_small_structured_dropout,valid_route_accuracy,bc540b24ce63fa48db3d2f63634c29db3518c9db,bc540b24,2026-06-15T04:15:34+00:00,bump version to 0.1.5 and add release notes,2,COMPLETE,2026-06-15 04:41:54.249142,2026-06-15 04:47:44.911541,5.8,0.21303363247504822,dropout|head_dim|lr|n_heads|n_layers|structured_dropout_bottleneck,1.0,4.0,256.0,256.0,20.0,relu,False,0.42975904887553706,0.42975904887553706,0.42975904887553706,True,289.0,,0.25291284839129047,0.98,512.0,200.0,6.0,,crossEntropyLoss,589.0,small,1024.0,2.0,n1+n5,1.0,0.0,2.0,-2.0,2.0,-2.0,1.0,1.0,2.0,100.0,25,26.0,0.2578125,0.42975904887553706,256.0,0.25291284839129047,1.0,4.0,26.0,0.03884866103445264,0.17769021766374912,0.055948823352255636,0.17990438647991278,0.030399104811637448,0.21303363247504822,0.04401342782543827,10.461670398712158,289.0,,,,,46.0,0.13,False,True,False,early_stopped,,,
small_baseline,hypertune-small_baseline,valid_route_accuracy,4b2f119ca23f517ef35cf582b8de71a0b38ed4f5,4b2f119c,2026-06-14T21:36:49+00:00,add --eval-n-batches to hypertune; fix missing logger in runner; reduce small.yaml eval defaults,1,COMPLETE,2026-06-14 22:00:08.067959,2026-06-14 22:02:56.760674,2.8,0.0,dropout|head_dim|lr|n_heads|n_layers,3.0,2.0,256.0,768.0,20.0,relu,False,0.33125435930776104,0.33125435930776104,0.33125435930776104,False,,,0.2755764298208671,0.98,512.0,200.0,6.0,,crossEntropyLoss,589.0,small,1024.0,2.0,n1+n5,1.0,0.0,2.0,-2.0,2.0,-2.0,1.0,1.0,2.0,100.0,5,35.0,,0.33125435930776104,256.0,0.2755764298208671,3.0,2.0,6.0,0.058657289440320295,0.16830591231289038,0.06030518680234395,0.20129162123626604,0.04177545691906005,0.20129162123626604,0.04177545691906005,17.945919036865234,,,,,,153.0,0.03,False,True,False,early_stopped,,,
nodropout-baseline,hypertune-nodropout-baseline,valid_route_accuracy,33df126f18ce48c5ef27a0a1ef320b3a079875d4,33df126f,2026-06-15T12:45:20+00:00,5trials,1,FAIL,2026-06-15 13:45:11.867267,2026-06-15 13:49:47.213250,4.6,,head_dim|lr|n_heads|n_layers,3.0,4.0,128.0,384.0,20.0,relu,False,0.0,0.0,0.0,True,240.0,1.3349115232751176,0.012170475763028314,0.98,512.0,200.0,20.0,,crossEntropyLoss,589.0,small,1024.0,2.0,n1+n5,1.0,0.0,2.0,-2.0,2.0,-2.0,1.0,1.0,2.0,100.0,19,20.0,,,64.0,0.00016589055306027452,2.0,4.0,20.0,0.628465624018149,0.19947664450927904,0.591073272838479,0.19953031955044873,0.044199925400969786,0.19953031955044873,0.044199925400969786,8.931432962417603,,,,,,200.0,0.1,True,False,False,killed,0.203632,0.045117,2.0
standard-v2-lr0005,hypertune-standard-v2-lr0005,valid_route_accuracy,90c44c5b92126005642b0b9c5d979bde4cbf2eff,90c44c5b,2026-06-16T05:03:10+00:00,add 3 layers to list of n_layers possiblities because its hardcoded deep in the baseline code,3,COMPLETE,2026-06-16 18:21:24.532715,2026-06-16 18:56:02.379524,34.6,0.0290683531987351,dropout|head_dim|lr|n_heads|n_layers,1.0,8.0,64.0,64.0,20.0,relu,False,0.2437723311495384,0.2437723311495384,0.2437723311495384,False,,,8.179365893179057e-05,0.98,512.0,100.0,15.0,10.0,crossEntropyLoss,1573.0,standard,1024.0,2.0,n1+n5,1.0,0.0,2.0,-2.0,2.0,-2.0,1.0,1.0,10.0,50.0,99,100.0,0.203125,0.2437723311495384,64.0,8.179365893179057e-05,1.0,8.0,100.0,0.5847998164368399,0.19126330414072,0.5503581863965175,0.19424972061363405,0.028825103381172463,0.19424972061363405,0.0290683531987351,12.151267290115356,,,,,,100.0,1.0,False,False,False,complete,,,
retrosynformer_hypertune,hypertune-retrosynformer_hypertune,valid_route_accuracy,17bdc6e56edfc9b3ea0c02638f531a99e0763cb6,17bdc6e5,2026-06-15T20:56:32+00:00,hypertune: remove shared symlink lock; studies run in parallel by default,0,FAIL,2026-06-15 20:58:32.970507,2026-06-15 21:23:43.906874,25.2,,head_dim|lr|n_heads|n_layers,1.0,3.0,256.0,256.0,20.0,relu,False,0.0,0.0,0.0,False,,,0.211,0.98,512.0,200.0,30.0,10.0,crossEntropyLoss,2957.0,large,1024.0,2.0,n1+n5,1.0,0.0,2.0,-2.0,2.0,-2.0,1.0,1.0,2.0,100.0,58,59.0,,,256.0,0.211,1.0,3.0,59.0,0.005745340485588831,0.13510399697806738,0.06729447798040823,0.13245563823697767,0.00976984499765148,0.16832665521846976,0.0199154532644434,19.428173542022705,,,,,,,0.295,False,False,False,no_complete_ref,,,
baseline_standard_200epochs,hypertune-baseline_standard_200epochs,valid_route_accuracy,90c44c5b92126005642b0b9c5d979bde4cbf2eff,90c44c5b,2026-06-16T05:03:10+00:00,add 3 layers to list of n_layers possiblities because its hardcoded deep in the baseline code,0,FAIL,2026-06-16 09:20:13.171400,2026-06-16 11:35:58.118203,135.7,,,4.0,26.0,256.0,1024.0,20.0,relu,False,0.0,0.0,0.0,False,,,0.211,0.98,512.0,200.0,50.0,20.0,crossEntropyLoss,1573.0,standard,1024.0,2.0,n1+n5,1.0,0.0,2.0,-2.0,2.0,-2.0,1.0,50.0,2.0,100.0,20,21.0,,,,,,,21.0,0.012090347856538949,0.08288262584662713,0.06333534888446678,0.074215178299299,0.006689369982972513,0.11866300924514883,0.015446363415227439,368.62743878364563,,,,,,,0.105,False,False,False,no_complete_ref,,,
standard-v2-lr0005,hypertune-standard-v2-lr0005,valid_route_accuracy,90c44c5b92126005642b0b9c5d979bde4cbf2eff,90c44c5b,2026-06-16T05:03:10+00:00,add 3 layers to list of n_layers possiblities because its hardcoded deep in the baseline code,6,COMPLETE,2026-06-17 02:49:31.185619,2026-06-17 02:57:30.341192,8.0,0.010581367063974702,dropout|head_dim|lr|n_heads|n_layers,1.0,8.0,64.0,64.0,20.0,relu,False,0.1732968515451123,0.1732968515451123,0.1732968515451123,False,,,7.704485490863915e-05,0.98,512.0,100.0,15.0,10.0,crossEntropyLoss,1573.0,standard,1024.0,2.0,n1+n5,1.0,0.0,2.0,-2.0,2.0,-2.0,1.0,1.0,10.0,50.0,14,215.0,0.3296875,0.1732968515451123,64.0,7.704485490863915e-05,1.0,8.0,15.0,1.1438615453062635,0.10145260128513657,1.0530570195626843,0.10327136035761454,0.010581367063974702,0.10327136035761454,0.010581367063974702,15.204938173294067,,,,,,100.0,0.15,False,False,True,complete_restarted,,,
retrosynformer_hypertune,hypertune-tiny,valid_route_accuracy,17d85b4d2f5227855da1ca718b91bd2ac79c559b,17d85b4d,2026-06-13T03:27:18+00:00,monitoring scripts,1,FAIL,2026-06-14 11:40:45.405882,2026-06-14 11:41:13.447949,0.5,,dropout|head_dim|lr|n_heads|n_layers,1.0,8.0,64.0,64.0,20.0,relu,False,0.07,0.07,0.07,False,,,0.4443375588707516,0.98,512.0,2.0,,,crossEntropyLoss,589.0,small,1024.0,2.0,n1+n5,1.0,0.0,2.0,-2.0,2.0,-2.0,1.0,1.0,2.0,100.0,1,5.0,0.3046875,0.17,256.0,0.0009812846854586588,2.0,26.0,2.0,0.16416397927836937,0.09447468944566427,0.12685669501799912,0.10215549777740501,0.00876538604998135,0.10215549777740501,0.00876538604998135,8.74356198310852,,,,,,,1.0,False,False,False,no_complete_ref,,,
baseline_small_hyperparameter_tuning,hypertune-baseline_small_hyperparameter_tuning,valid_route_accuracy,96661e62769fd797bedcb96b1977fbd20daf933c,96661e62,2026-06-15T17:41:54+00:00,"plot-learning-curves: include RUNNING trials, not just COMPLETE",3,COMPLETE,2026-06-15 22:11:08.644243,2026-06-15 22:30:19.974559,19.2,0.002237970906378217,head_dim|lr|n_heads|n_layers,4.0,26.0,64.0,256.0,20.0,relu,False,0.0,0.0,0.0,False,,,0.3543243538596878,0.98,512.0,80.0,30.0,10.0,crossEntropyLoss,589.0,small,1024.0,2.0,n1+n5,1.0,0.0,2.0,-2.0,2.0,-2.0,1.0,1.0,2.0,100.0,30,31.0,0.046875,,64.0,0.3543243538596878,4.0,26.0,31.0,1.4364655044945804,0.034108340602159594,1.2953731062866392,0.035226033716346555,0.0001864975755315181,0.07221336911851044,0.002237970906378217,34.842793703079224,,,,,,80.0,0.3875,False,True,False,early_stopped,,,
baseline_small_hyperparameter_tuning,hypertune-baseline_small_hyperparameter_tuning,valid_route_accuracy,96661e62769fd797bedcb96b1977fbd20daf933c,96661e62,2026-06-15T17:41:54+00:00,"plot-learning-curves: include RUNNING trials, not just COMPLETE",2,COMPLETE,2026-06-15 22:04:37.575007,2026-06-15 22:11:08.569918,6.5,0.0003729951510630362,head_dim|lr|n_heads|n_layers,2.0,4.0,128.0,256.0,20.0,relu,False,0.0,0.0,0.0,False,,,0.4691509513990827,0.98,512.0,80.0,30.0,10.0,crossEntropyLoss,589.0,small,1024.0,2.0,n1+n5,1.0,0.0,2.0,-2.0,2.0,-2.0,1.0,1.0,2.0,100.0,30,31.0,0.0859375,,128.0,0.4691509513990827,2.0,4.0,31.0,1.57487213882533,0.0477135781674537,1.3880368570486705,0.048813218149794516,0.0001864975755315181,0.055439067348821605,0.0003729951510630362,10.09204387664795,,,,,,80.0,0.3875,False,True,False,early_stopped,,,
baseline_small_hyperparameter_tuning,hypertune-baseline_small_hyperparameter_tuning,valid_route_accuracy,96661e62769fd797bedcb96b1977fbd20daf933c,96661e62,2026-06-15T17:41:54+00:00,"plot-learning-curves: include RUNNING trials, not just COMPLETE",6,COMPLETE,2026-06-15 22:55:00.447070,2026-06-15 23:09:30.824530,14.5,0.0050354345393509884,head_dim|lr|n_heads|n_layers,1.0,18.0,256.0,256.0,20.0,relu,False,0.0,0.0,0.0,False,,,0.3800307259098719,0.98,512.0,80.0,30.0,10.0,crossEntropyLoss,589.0,small,1024.0,2.0,n1+n5,1.0,0.0,2.0,-2.0,2.0,-2.0,1.0,1.0,2.0,100.0,30,31.0,0.0625,,256.0,0.3800307259098719,1.0,18.0,31.0,1.8615808635950089,0.05718811722360915,1.5683224626949854,0.050910005871005616,0.0003729951510630362,0.050910005871005616,0.0050354345393509884,25.438400268554688,,,,,,80.0,0.3875,False,True,False,early_stopped,,,
sunday-optuna-test-small-10-trials-50-epochs,hypertune_rsynced_from_taco,valid_route_accuracy,fe3fcab5ae08f87611a00b1b6276db9ffda28603,fe3fcab5,2026-06-13T21:46:10+00:00,"structured run.jsonl logging, sqlite storage, jsonl append fix",3,COMPLETE,2026-06-14 17:31:40.841522,2026-06-14 17:54:24.348341,22.7,0.1484375,dropout|head_dim|lr|n_heads|n_layers,4.0,2.0,256.0,1024.0,20.0,relu,False,0.0005704473621260475,0.0005704473621260475,0.0005704473621260475,False,,,0.2929216772659799,0.98,512.0,50.0,,,crossEntropyLoss,589.0,small,1024.0,2.0,n1+n5,1.0,0.0,2.0,-2.0,2.0,-2.0,1.0,1.0,2.0,100.0,49,50.0,0.1484375,0.0005704473621260475,256.0,0.2929216772659799,4.0,2.0,50.0,1.410176235166463,0.008893032955354367,1.1856737846419925,0.010735553132600856,0.0005594927265945542,0.050910005871005616,0.001864975755315181,25.43854331970215,,,,,,50.0,1.0,False,False,False,complete,,,
sunday-optuna-test-small-10-trials-50-epochs,hypertune_rsynced_from_taco,valid_route_accuracy,fe3fcab5ae08f87611a00b1b6276db9ffda28603,fe3fcab5,2026-06-13T21:46:10+00:00,"structured run.jsonl logging, sqlite storage, jsonl append fix",4,FAIL,2026-06-14 17:54:24.443576,2026-06-14 18:24:47.119677,30.4,,dropout|head_dim|lr|n_heads|n_layers,4.0,8.0,256.0,1024.0,20.0,relu,False,0.25110586924316275,0.25110586924316275,0.25110586924316275,False,,,0.5962475719508445,0.98,512.0,50.0,,,crossEntropyLoss,589.0,small,1024.0,2.0,n1+n5,1.0,0.0,2.0,-2.0,2.0,-2.0,1.0,1.0,2.0,100.0,20,21.0,,0.25110586924316275,256.0,0.5962475719508445,4.0,8.0,21.0,1.326137438416481,0.003829919491482941,0.9694244762261709,0.002432273756604881,0.0,0.050910005871005616,0.0050354345393509884,81.33285188674927,,,,,,50.0,0.42,True,False,False,killed,0.056272,0.006052,7.0
baseline-standard-lr211-100epochs,hypertune-baseline-standard-lr211-100epochs,valid_route_accuracy,90c44c5b92126005642b0b9c5d979bde4cbf2eff,90c44c5b,2026-06-16T05:03:10+00:00,add 3 layers to list of n_layers possiblities because its hardcoded deep in the baseline code,0,FAIL,2026-06-16 13:26:24.458918,2026-06-16 13:26:24.465498,0.0,,,,,,,,,,,,,False,,,,,,,,,,,None,,,,,,,,,,,,,,0,,,,,,,,,,,,,,,,,,,,,,,,False,False,False,no_jsonl,,,
baseline_small_hyperparameter_tuning,hypertune-baseline_small_hyperparameter_tuning,valid_route_accuracy,96661e62769fd797bedcb96b1977fbd20daf933c,96661e62,2026-06-15T17:41:54+00:00,"plot-learning-curves: include RUNNING trials, not just COMPLETE",0,FAIL,2026-06-15 17:45:03.408371,2026-06-15 17:45:03.417372,0.0,,n_heads,,,,,,,,,,,False,,,,,,,,,,,None,,,,,,,,,,,,,,0,,,,,,1.0,,,,,,,,,,,,,,,,80.0,,False,False,False,no_jsonl,,,
baseline_small_hyperparameter_tuning,hypertune-baseline_small_hyperparameter_tuning,valid_route_accuracy,96661e62769fd797bedcb96b1977fbd20daf933c,96661e62,2026-06-15T17:41:54+00:00,"plot-learning-curves: include RUNNING trials, not just COMPLETE",1,RUNNING,2026-06-15 20:26:06.492296,,,,head_dim|lr|n_heads|n_layers,1.0,3.0,256.0,256.0,20.0,relu,False,0.0,0.0,0.0,False,,,0.03205342770787627,0.98,512.0,80.0,30.0,10.0,crossEntropyLoss,589.0,small,1024.0,2.0,n1+n5,1.0,0.0,2.0,-2.0,2.0,-2.0,1.0,1.0,2.0,100.0,0,,,,256.0,0.03205342770787627,1.0,3.0,,,,,,,,,,,,,,,80.0,,False,False,False,no_jsonl,,,
baseline_small_hyperparameter_tuning_rocm_upgrade,hypertune-baseline_small_hyperparameter_tuning_rocm_upgrade,valid_route_accuracy,90c44c5b92126005642b0b9c5d979bde4cbf2eff,90c44c5b,2026-06-16T05:03:10+00:00,add 3 layers to list of n_layers possiblities because its hardcoded deep in the baseline code,0,RUNNING,2026-06-16 08:28:20.683093,,,,head_dim|lr|n_heads|n_layers,1.0,3.0,256.0,256.0,20.0,relu,False,0.0,0.0,0.0,False,,,0.211,0.98,512.0,30.0,30.0,10.0,crossEntropyLoss,589.0,small,1024.0,2.0,n1+n5,1.0,0.0,2.0,-2.0,2.0,-2.0,1.0,1.0,2.0,100.0,0,,,,256.0,0.211,1.0,3.0,,,,,,,,,,,,,,,,,False,False,False,no_jsonl,,,
compare2_small_structured_dropout,hypertune-compare2_small_structured_dropout,valid_route_accuracy,e4fc570153c066e17388ad1260a65720f8720f51,e4fc5701,2026-06-15T06:15:41+00:00,hypertune: always run route eval at end of every trial,0,FAIL,2026-06-15 07:35:50.956468,2026-06-15 07:35:50.962746,0.0,,,,,,,,,,,,,False,,,,,,,,,,,None,,,,,,,,,,,,,,0,,,,,,,,,,,,,,,,,,,,,,200.0,,False,False,False,no_jsonl,,,
compare2_small_structured_dropout,hypertune-compare2_small_structured_dropout,valid_route_accuracy,e4fc570153c066e17388ad1260a65720f8720f51,e4fc5701,2026-06-15T06:15:41+00:00,hypertune: always run route eval at end of every trial,4,FAIL,2026-06-15 10:40:05.650177,2026-06-15 10:40:05.655472,0.0,,,,,,,,,,,,,False,,,,,,,,,,,None,,,,,,,,,,,,,,0,,,,,,,,,,,,,,,,,,,,,,200.0,,False,False,False,no_jsonl,,,
nodropout-sd,hypertune-nodropout-sd,valid_route_accuracy,33df126f18ce48c5ef27a0a1ef320b3a079875d4,33df126f,2026-06-15T12:45:20+00:00,5trials,2,FAIL,2026-06-15 17:17:48.825032,2026-06-15 17:18:21.011134,0.5,,head_dim|lr|n_heads|n_layers|structured_dropout_bottleneck|structured_dropout_rate,3.0,2.0,256.0,768.0,20.0,relu,False,0.0,0.0,0.0,True,39.0,0.5415353479920098,8.565398570627762e-05,0.98,512.0,200.0,50.0,20.0,crossEntropyLoss,589.0,small,1024.0,2.0,n1+n5,1.0,0.0,2.0,-2.0,2.0,-2.0,1.0,1.0,2.0,100.0,0,,,,256.0,8.565398570627762e-05,3.0,2.0,,,,,,,,,,39.0,0.5415353479920098,,,,200.0,,False,False,False,no_jsonl,,,
small-hypertune-paper,hypertune-small-hypertune-paper,valid_route_accuracy,9cb60bb50a9a92f0c151e862d99d65badb1d3d36,9cb60bb5,2026-06-15T16:17:15+00:00,hypertune: make Optuna objective metric configurable via optuna.objective_metric,0,FAIL,2026-06-15 17:04:01.253612,2026-06-15 17:04:01.266322,0.0,,n_heads,,,,,,,,,,,False,,,,,,,,,,,None,,,,,,,,,,,,,,0,,,,,,1.0,,,,,,,,,,,,,,,,,,False,False,False,no_jsonl,,,
small-hypertune-paper,hypertune-small-hypertune-paper,valid_route_accuracy,9cb60bb50a9a92f0c151e862d99d65badb1d3d36,9cb60bb5,2026-06-15T16:17:15+00:00,hypertune: make Optuna objective metric configurable via optuna.objective_metric,1,RUNNING,2026-06-15 17:10:02.252987,,,,head_dim|lr|n_heads|n_layers,2.0,18.0,256.0,512.0,20.0,relu,False,0.0,0.0,0.0,False,,,0.003919377853513995,0.98,512.0,80.0,30.0,10.0,crossEntropyLoss,2957.0,large,1024.0,2.0,n1+n5,1.0,0.0,2.0,-2.0,2.0,-2.0,1.0,1.0,2.0,100.0,0,,,,256.0,0.003919377853513995,2.0,18.0,,,,,,,,,,,,,,,,,False,False,False,no_jsonl,,,
standard-v2-dropout-details,hypertune-standard-v2-dropout-details,valid_route_accuracy,bfb89647cc3020992bc38d0f19e6c46ac55b24c5,bfb89647,2026-06-17T03:00:46+00:00,"dashboard: rs-mark-stopped CLI, STOPPED trial state, epoch column, 10min refresh",0,FAIL,2026-06-17 08:46:29.928156,2026-06-17 08:46:29.934185,0.0,,,,,,,,,,,,,False,,,,,,,,,,,None,,,,,,,,,,,,,,0,,,,,,,,,,,,,,,,,,,,,,,,False,False,False,no_jsonl,,,
sunday-optuna-12trials-200epochs-4patience,hypertune-sunday-optuna-12trials-200epochs-4patience,valid_route_accuracy,fe3fcab5ae08f87611a00b1b6276db9ffda28603,fe3fcab5,2026-06-13T21:46:10+00:00,"structured run.jsonl logging, sqlite storage, jsonl append fix",0,FAIL,2026-06-14 18:32:26.239138,2026-06-14 18:32:26.254092,0.0,,dropout|head_dim|lr|n_heads|n_layers,,,,,,,,,,,False,,,,,,,,,,,None,,,,,,,,,,,,,,0,,,0.1,256.0,0.211,1.0,3.0,,,,,,,,,,,,,,,,,False,False,False,no_jsonl,,,
sunday-optuna-test-small-10-trials-50-epochs,hypertune_rsynced_from_taco/hypertune_rsynced_from_taco,valid_route_accuracy,fe3fcab5ae08f87611a00b1b6276db9ffda28603,fe3fcab5,2026-06-13T21:46:10+00:00,"structured run.jsonl logging, sqlite storage, jsonl append fix",3,COMPLETE,2026-06-14 17:31:40.841522,2026-06-14 17:54:24.348341,22.7,0.1484375,dropout|head_dim|lr|n_heads|n_layers,4.0,2.0,256.0,1024.0,20.0,relu,False,0.0005704473621260475,0.0005704473621260475,0.0005704473621260475,False,,,0.2929216772659799,0.98,512.0,50.0,,,crossEntropyLoss,589.0,small,1024.0,2.0,n1+n5,1.0,0.0,2.0,-2.0,2.0,-2.0,1.0,1.0,2.0,100.0,0,,,0.0005704473621260475,256.0,0.2929216772659799,4.0,2.0,,,,,,,,,,,,,,,50.0,,False,False,False,no_jsonl,,,
sunday-optuna-test-small-10-trials-50-epochs,hypertune_rsynced_from_taco/hypertune_rsynced_from_taco,valid_route_accuracy,fe3fcab5ae08f87611a00b1b6276db9ffda28603,fe3fcab5,2026-06-13T21:46:10+00:00,"structured run.jsonl logging, sqlite storage, jsonl append fix",4,FAIL,2026-06-14 17:54:24.443576,2026-06-14 18:24:47.119677,30.4,,dropout|head_dim|lr|n_heads|n_layers,,,,,,,,,,,False,,,,,,,,,,,None,,,,,,,,,,,,,,0,,,0.25110586924316275,256.0,0.5962475719508445,4.0,8.0,,,,,,,,,,,,,,,50.0,,False,False,False,no_jsonl,,,
