path,epoch,train_loss,train_action_accuracy,train_route_accuracy,valid_loss,valid_action_accuracy,valid_route_accuracy,seconds_per_epoch,study_name,trial_number,config_hash,n_epochs,gradient_norm,learning_rate,is_best,epochs_without_improvement,n_lr_reductions,best_valid_route_accuracy,elapsed_seconds,timestamp
hypertune-baseline-large-emma-21-layers/trial_000/train_progress.jsonl,99,0.019515631699666136,0.27329130958283165,0.03982660840461138,0.05348543486964535,0.2669337912612097,0.042930953499295446,246.6181025505066,,,,,,,,,,,,
hypertune-baseline-large-emma-21-layers/trial_001/train_progress.jsonl,98,0.010361157323788702,0.3009136624406828,0.04727593901078468,0.042910196936466326,0.28338103415378746,0.04659464537341475,317.10016655921936,,,,,,,,,,,,
hypertune-baseline-large-emma-21-layers/trial_002/train_progress.jsonl,98,0.017001816848421645,0.3021177137191019,0.050332372629230196,0.052217512981782496,0.29372257202823887,0.051009863785814936,407.6860659122467,,,,,,,,,,,,
hypertune-baseline-large-emma-21-layers/trial_003/train_progress.jsonl,59,0.012457040061912656,0.32784191514979816,0.05691009669021941,0.04677324296093323,0.30440755580995993,0.04988257397839361,666.3868451118469,,,,,,,,,,,,
hypertune-baseline-large-emma-24-layers/trial_000/train_progress.jsonl,10,0.010588509280795765,0.1155039308732913,0.006089624395686129,0.05152568696919357,0.10997901163900019,0.004790981681540629,81.819100856781,,,,,,,,,,,,
hypertune-baseline-standard-lr211-100epochs/trial_001/train_progress.jsonl,28,0.015009591422566528,0.2539934367400902,0.033248884343622165,0.05248707308974898,0.23789353176874642,0.028182245185533115,72.25550389289856,,,,,,,,,,,,
hypertune-baseline_small_hyperparameter_tuning/trial_002/train_progress.jsonl,0,0.5946332128210501,0.0740718460813507,0.007533082975679542,0.9406495285885674,0.035226033716346555,0.0001864975755315181,10.41478681564331,,,,,,,,,,,,
hypertune-baseline_small_hyperparameter_tuning/trial_003/train_progress.jsonl,0,0.3414035490290685,0.08375693044986515,0.006549535050071531,0.15430497351501668,0.07221336911851044,0.002237970906378217,33.91883039474487,,,,,,,,,,,,
hypertune-baseline_small_hyperparameter_tuning/trial_004/train_progress.jsonl,76,0.016256258494898,0.3514201782616978,0.10313841201716738,0.05376678088768607,0.33078923089826384,0.09809772472957852,10.331977128982544,,,,,,,,,,,,
hypertune-baseline_small_hyperparameter_tuning/trial_005/train_progress.jsonl,22,0.008524985585774464,0.23268264805847144,0.048886802575107295,0.056406539595974164,0.22511112974922418,0.047929876911600146,8.227148532867432,,,,,,,,,,,,
hypertune-baseline_small_hyperparameter_tuning/trial_006/train_progress.jsonl,0,0.6773290419104424,0.0660911761462187,0.007801323319027182,0.8364246835311254,0.012496854818418184,0.0050354345393509884,25.285253524780273,,,,,,,,,,,,
hypertune-baseline_small_hyperparameter_tuning/trial_007/train_progress.jsonl,10,0.014268233932935718,0.21776400878274732,0.04376788268955651,0.05443511310676556,0.220917554306802,0.04531891085415889,9.306715965270996,,,,,,,,,,,,
hypertune-baseline_small_hyperparameter_tuning/trial_008/train_progress.jsonl,43,0.007554772722704167,0.2109162731474519,0.040034871244635194,0.035489292218006174,0.18283988928960831,0.03692651995524058,19.19576644897461,,,,,,,,,,,,
hypertune-baseline_small_hyperparameter_tuning/trial_009/train_progress.jsonl,68,0.008577523776859214,0.3066843123690358,0.07727557224606581,0.053515251249163634,0.2880147613855573,0.06825811264453562,7.629585266113281,,,,,,,,,,,,
hypertune-baseline_small_hyperparameter_tuning/trial_010/train_progress.jsonl,42,0.011570342260793868,0.37646504446516477,0.11073855507868384,0.055562981304579546,0.3416925270485616,0.10387914957105558,34.74378943443298,,,,,,,,,,,,
hypertune-baseline_small_hyperparameter_tuning/trial_011/train_progress.jsonl,57,0.0122218103391457,0.3108150108781745,0.07839324034334764,0.06463939933815882,0.2818921412396209,0.06452816113390526,14.606563329696655,,,,,,,,,,,,
hypertune-baseline_standard_200epochs/trial_000/train_progress.jsonl,17,0.014246419632179437,0.09631701689532836,0.008425126525751711,0.057544697641012395,0.07187849232957431,0.004135246898564826,368.9516921043396,,,,,,,,,,,,
hypertune-compare2_small_standard_dropout/trial_000/train_progress.jsonl,13,0.014477570353351026,0.2255441593727755,0.04604792560801144,0.052383099854480294,0.2175626939528642,0.04102946661693398,7.739704132080078,,,,,,,,,,,,
hypertune-compare2_small_standard_dropout/trial_001/train_progress.jsonl,199,0.053403789389201185,0.3382059534193561,0.10166309012875537,0.08558362039426963,0.3359892644468674,0.10257366654233495,9.363988161087036,,,,,,,,,,,,
hypertune-compare2_small_standard_dropout/trial_002/train_progress.jsonl,37,0.007888388810732233,0.21670125625369707,0.0441255364806867,0.04066315377574591,0.19038832508596829,0.03562103692651995,10.365940809249878,,,,,,,,,,,,
hypertune-compare2_small_standard_dropout/trial_003/train_progress.jsonl,199,0.06528466343033043,0.3481817908382711,0.10629023605150215,0.09612652659416199,0.3411054264866225,0.10443864229765012,13.138670444488525,,,,,,,,,,,,
hypertune-compare2_small_standard_dropout/trial_004/train_progress.jsonl,81,0.021333463384177197,0.3202093421962884,0.09030758226037196,0.07432033346655469,0.3220665939780257,0.09101081685938082,7.792118310928345,,,,,,,,,,,,
hypertune-compare2_small_structured_dropout/trial_001/train_progress.jsonl,199,0.11175181445750323,0.32228471741811293,0.09269939198855508,0.12664854952267238,0.31669881741172523,0.09362178291682208,13.810758829116821,,,,,,,,,,,,
hypertune-compare2_small_structured_dropout/trial_002/train_progress.jsonl,199,0.08931257999078794,0.3149056055182924,0.09091112303290415,0.11128049636525768,0.3156923593055439,0.09772472957851548,7.518790245056152,,,,,,,,,,,,
hypertune-compare2_small_structured_dropout/trial_003/train_progress.jsonl,46,0.010245321191508661,0.3373737981371753,0.10202074391988555,0.03483986729129572,0.2850792585758618,0.07683700111898545,18.158236742019653,,,,,,,,,,,,
hypertune-compare2_small_structured_dropout/trial_005/train_progress.jsonl,199,0.059097484473816374,0.35204178823151966,0.11015736766809728,0.09502526026751314,0.33565377841147365,0.10462513987318164,9.879582643508911,,,,,,,,,,,,
hypertune-compare2_small_structured_dropout/trial_006/train_progress.jsonl,50,0.011548968817805871,0.22778997603793827,0.047567954220314734,0.04467500247327345,0.23014342028013085,0.05016784781797837,7.33337926864624,,,,,,,,,,,,
hypertune-compare2_small_structured_dropout/trial_007/train_progress.jsonl,65,0.010074294368016788,0.21425492024343049,0.038358369098712444,0.042893362002879645,0.19214962677178563,0.027974636329727715,10.612519979476929,,,,,,,,,,,,
hypertune-compare2_small_structured_dropout/trial_008/train_progress.jsonl,48,0.01526384184200486,0.22977511755446606,0.04718794706723891,0.05805415219289162,0.2422209175543068,0.05371130175307721,6.827239513397217,,,,,,,,,,,,
hypertune-compare2_small_structured_dropout/trial_009/train_progress.jsonl,177,0.13224570436233823,0.2760148785354067,0.0679318669527897,0.15414658800831862,0.2796276105007129,0.07403953748601268,7.079779386520386,,,,,,,,,,,,
hypertune-compare_small_standard_dropout_baseline/trial_000/train_progress.jsonl,10,0.01704747683305124,0.24727043041477426,0.058766988555078684,0.05263701819681695,0.23836282814727838,0.0546437896307348,9.176533699035645,,,,,,,,,,,,
hypertune-compare_small_standard_dropout_baseline/trial_001/train_progress.jsonl,17,0.016228742548264563,0.3441012221654084,0.10434549356223176,0.05484412572280105,0.3255891973496603,0.09660574412532637,15.297271251678467,,,,,,,,,,,,
hypertune-compare_small_standard_dropout_baseline/trial_002/train_progress.jsonl,198,0.019950227526185863,0.36189731404337233,0.11366684549356224,0.06963369263602155,0.3514216220749811,0.11376352107422603,10.521231651306152,,,,,,,,,,,,
hypertune-compare_small_standard_dropout_baseline/trial_003/train_progress.jsonl,58,0.014920729053714736,0.293409931723163,0.0722013590844063,0.060884719531583996,0.2881825044032542,0.06769861991794107,8.691367387771606,,,,,,,,,,,,
hypertune-compare_small_standard_dropout_baseline/trial_004/train_progress.jsonl,199,0.2589466846124692,0.26257005644619563,0.06650125178826896,0.22315077998098873,0.2735049903547765,0.07459903021260723,7.869661808013916,,,,,,,,,,,,
hypertune-compare_small_standard_dropout_baseline/trial_005/train_progress.jsonl,23,0.01277796231972223,0.23951033175925648,0.0527315808297568,0.0586439571897721,0.24347899018703348,0.05315180902648266,7.490285158157349,,,,,,,,,,,,
hypertune-compare_small_standard_dropout_baseline/trial_006/train_progress.jsonl,137,0.018021953440355985,0.34615654545272256,0.1049266809728183,0.06897745331350182,0.33850540971232074,0.10108168593808281,9.563281059265137,,,,,,,,,,,,
hypertune-compare_small_standard_dropout_baseline/trial_007/train_progress.jsonl,43,0.014218432860533621,0.25338627044044076,0.05210568669527897,0.05330260886555715,0.24758869412060722,0.0566952629615815,10.438236951828003,,,,,,,,,,,,
hypertune-compare_small_standard_dropout_baseline/trial_008/train_progress.jsonl,28,0.009929251399378038,0.3374540058752168,0.09947246065808298,0.03255612056125842,0.3016858173278537,0.08578888474449832,53.94638013839722,,,,,,,,,,,,
hypertune-compare_small_standard_dropout_baseline/trial_009/train_progress.jsonl,138,0.030696437948129394,0.3257135982193882,0.09312410586552218,0.07965897236551557,0.3286085716682043,0.0938082804923536,6.43528938293457,,,,,,,,,,,,
hypertune-compare_small_standard_dropout_baseline/trial_010/train_progress.jsonl,10,0.033132351194085044,0.2260655096700454,0.044706723891273246,0.05710790429951712,0.23433699572255304,0.047743379336068634,9.279908657073975,,,,,,,,,,,,
hypertune-compare_small_standard_dropout_baseline/trial_011/train_progress.jsonl,199,0.1836266236549074,0.30743625991317514,0.08787106580829757,0.18178983449581124,0.31007296821269814,0.09474076837001119,10.797194480895996,,,,,,,,,,,,
hypertune-compare_small_structured_dropout/trial_000/train_progress.jsonl,24,0.012677238256649369,0.23669303496054783,0.04855150214592275,0.042008221005311326,0.22553048729346642,0.04214845207012309,9.51810097694397,,,,,,,,,,,,
hypertune-compare_small_structured_dropout/trial_001/train_progress.jsonl,39,0.026090109487995505,0.18126948797385228,0.028254649499284693,0.04337001487978601,0.18560764908160698,0.037486012681835136,7.348233222961426,,,,,,,,,,,,
hypertune-compare_small_structured_dropout/trial_002/train_progress.jsonl,19,0.04296799355440519,0.17998616416518784,0.029551144492131618,0.0546967495133036,0.1843495764488803,0.031331592689295036,10.736445188522339,,,,,,,,,,,,
hypertune-compare_small_structured_dropout/trial_003/train_progress.jsonl,75,0.13626719410107893,0.2838652108962212,0.07454846208869814,0.12353641885731902,0.2919567223014342,0.0856023871689668,45.20810866355896,,,,,,,,,,,,
hypertune-incomplete/trial_000/train_progress.jsonl,13,0.014360524322414263,0.24044274671398924,0.04982564377682403,0.050846621072629376,0.24624674997903212,0.05277881387541962,7.756873369216919,,,,,,,,,,,,
hypertune-incomplete/trial_001/train_progress.jsonl,2,0.04413047978993167,0.25790798167253187,0.06245529327610873,0.049660642531567385,0.24473706281976013,0.06415516598284222,298.0247554779053,,,,,,,,,,,,
hypertune-large-emma-24-26_layer/trial_000/train_progress.jsonl,1,0.1615621049294766,0.3202587529806171,0.07481870583860172,0.1676008256388382,0.29505819500095404,0.057867543447628,3743.834402322769,large-emma-24-26_layer,0.0,1680ec71,150.0,1.3470777454737568,0.0005985068005941869,True,0.0,0.0,0.057867543447628,7516.479604721069,2026-06-19T22:20:13.221200+00:00
hypertune-large-nonuniform-dropout-12-layers/trial_000/train_progress.jsonl,91,0.010822895162438522,0.34952900347050075,0.0738773707698029,0.04742806586910954,0.31326082808624306,0.06369187411930484,121.2306923866272,,,,,,,,,,,,
hypertune-large-nonuniform-dropout-12-layers/trial_001/train_progress.jsonl,95,0.010382260123754096,0.35818872913568006,0.07767757530680551,0.04614306159016347,0.31410036252623547,0.06265852512916863,117.82006740570068,,,,,,,,,,,,
hypertune-large-nonuniform-dropout-12-layers/trial_002/train_progress.jsonl,36,0.04773723119980044,0.30229714096843496,0.06043138713276311,0.08130465539361903,0.2897920244228201,0.058055425082198214,120.4598274230957,,,,,,,,,,,,
hypertune-nodropout-baseline/trial_000/train_progress.jsonl,17,0.011021144555839286,0.20474027731825428,0.04562321173104435,0.053142786014913804,0.20112387821856914,0.04345393509884372,9.468147039413452,,,,,,,,,,,,
hypertune-nodropout-baseline/trial_001/train_progress.jsonl,19,0.628465624018149,0.19947664450927904,0.04468437052932761,0.591073272838479,0.19953031955044873,0.044199925400969786,8.931432962417603,,,,,,,,,,,,
hypertune-nodropout-baseline/trial_002/train_progress.jsonl,199,0.013756167492829263,0.3424770154700675,0.09806419885550786,0.03978334492560299,0.31007296821269814,0.08541588959343528,49.02688527107239,,,,,,,,,,,,
hypertune-nodropout-baseline/trial_003/train_progress.jsonl,81,0.07863899345763704,0.3416147822861211,0.10532904148783977,0.11467059843596958,0.33095697391596074,0.10350615441999254,6.674705982208252,,,,,,,,,,,,
hypertune-nodropout-sd/trial_000/train_progress.jsonl,33,0.00871397565325341,0.21241014226847535,0.044103183118741056,0.04791409615981614,0.18292376079845676,0.03655352480417755,20.04747748374939,,,,,,,,,,,,
hypertune-nodropout-sd/trial_001/train_progress.jsonl,199,0.021452338773418556,0.3118978153417351,0.08107564377682404,0.04357623394268254,0.2813050406776818,0.06844461022006713,33.67579531669617,,,,,,,,,,,,
hypertune-retrosynformer_hypertune/trial_000/train_progress.jsonl,28,0.00814942299575974,0.1213022640885804,0.00803040163629602,0.06037545979509554,0.11024613623354322,0.0062940347581023955,22.628681659698486,,,,,,,,,,,,
hypertune-small-nonuniform-dropout-101/trial_000/train_progress.jsonl,49,0.023061869454316118,0.3822400016041548,0.12681062231759657,0.05154004136455201,0.36341524784030865,0.12532637075718014,48.58651685714722,,,,,,,,,,,,
hypertune-small-nonuniform-dropout-101/trial_001/train_progress.jsonl,49,0.02337773708330298,0.37537221403434895,0.12287643061516453,0.05137213221972897,0.3609829740837038,0.12308839985080194,49.13560652732849,,,,,,,,,,,,
hypertune-small-nonuniform-dropout-101/trial_002/train_progress.jsonl,29,0.040943661154332484,0.3693566336812344,0.12104345493562232,0.06891663589825232,0.3536022813050407,0.11935844834017158,48.82079219818115,,,,,,,,,,,,
hypertune-small-nonuniform-dropout-102/trial_000/train_progress.jsonl,49,0.023420659031464973,0.3769462908934139,0.12345761802575107,0.0513229121321014,0.36316363331376333,0.123834390152928,48.73593354225159,,,,,,,,,,,,
hypertune-small-nonuniform-dropout/trial_000/train_progress.jsonl,49,0.02337765214245089,0.37538224000160414,0.12289878397711015,0.05137229719687076,0.3608152310660069,0.12308839985080194,49.18651986122131,,,,,,,,,,,,
hypertune-small-nonuniform-dropout/trial_001/train_progress.jsonl,11,0.12007942093028263,0.34259732707712975,0.10919617310443491,0.13731088223201887,0.33565377841147365,0.10798209623274897,49.01894283294678,,,,,,,,,,,,
hypertune-small_baseline/trial_000/train_progress.jsonl,27,0.010046072970991108,0.24267853741189682,0.053312768240343346,0.050072325144096146,0.2351757108110375,0.05371130175307721,9.15341830253601,,,,,,,,,,,,
hypertune-small_baseline/trial_001/train_progress.jsonl,24,0.014873361384326761,0.2449243540770596,0.05226216022889842,0.05610407447896987,0.24255640358970057,0.05613577023498695,9.175817728042603,,,,,,,,,,,,
hypertune-small_baseline/trial_002/train_progress.jsonl,75,0.022095658170821316,0.3456452211227078,0.1057761087267525,0.07119572383262926,0.3415247840308647,0.10481163744871316,8.392272233963013,,,,,,,,,,,,
hypertune-small_baseline/trial_003/train_progress.jsonl,146,0.02846473029983992,0.32713728556962535,0.09395118025751073,0.07224500634973603,0.3250020967877212,0.09455427079447967,11.645113229751587,,,,,,,,,,,,
hypertune-small_baseline/trial_004/train_progress.jsonl,24,0.012307348727269775,0.2205512276796904,0.045980865522174535,0.0463011902784707,0.22385305711649753,0.04979485266691533,8.831864356994629,,,,,,,,,,,,
hypertune-small_baseline/trial_005/train_progress.jsonl,29,0.010771441908383911,0.3311476724717017,0.09656652360515021,0.03654792154252175,0.3016019458190053,0.08541588959343528,23.54423952102661,,,,,,,,,,,,
hypertune-small_sd/trial_000/train_progress.jsonl,23,0.01217104503302835,0.23191064857982174,0.05134567238912732,0.04151262433428894,0.21135620229807933,0.038232002983961205,9.096030712127686,,,,,,,,,,,,
hypertune-standard-v2-dropout-details/trial_001/train_progress.jsonl,99,0.014276353510936271,0.3546886628628132,0.0838195891634415,0.047464111170103386,0.33202787243782106,0.07808319143760642,71.08361482620239,,,,,,,,,,,,
hypertune-standard-v2-dropout-details/trial_002/train_progress.jsonl,99,0.02554873206518647,0.3226494666335897,0.07036320333432569,0.06232913495438506,0.30374853771425664,0.0640963269277548,40.41113090515137,,,,,,,,,,,,
hypertune-standard-v2-dropout-details/trial_003/train_progress.jsonl,99,0.18376030287507808,0.25517241379310346,0.044700803810657934,0.183656913423261,0.25130969940491327,0.042568718073461444,26.67503261566162,,,,,,,,,,,,
hypertune-standard-v2-dropout-details/trial_004/train_progress.jsonl,99,0.05057524313980883,0.28324857355494915,0.052307234295921406,0.08794848193493925,0.27145109607853113,0.0475553393334955,22.893221378326416,,,,,,,,,,,,
hypertune-standard-v2-dropout-details/trial_005/train_progress.jsonl,1,0.4104522554711862,0.21985859588191517,0.04133670735337898,0.325054765325184,0.2516657341945984,0.05144733641449769,38.67414903640747,,,,,,,,,,,,
hypertune-standard-v2-lr0005/trial_000/train_progress.jsonl,99,0.02811052977234464,0.27015778896965786,0.043078297112235785,0.057754614390432835,0.26424870466321243,0.044879591340306495,53.43315601348877,,,,,,,,,,,,
hypertune-standard-v2-lr0005/trial_001/train_progress.jsonl,99,0.03996427627774238,0.2987384325303297,0.058350699612980055,0.07804536662071712,0.29127298587828915,0.0581367063974702,31.137083530426025,,,,,,,,,,,,
hypertune-standard-v2-lr0005/trial_002/train_progress.jsonl,99,0.06780733538537541,0.30106433125759796,0.06299493896993152,0.10323115493091502,0.29660672559179113,0.06190707856969107,40.44530725479126,,,,,,,,,,,,
hypertune-standard-v2-lr0005/trial_003/train_progress.jsonl,99,0.5847998164368399,0.19126330414072,0.03127418874665079,0.5503581863965175,0.19424972061363405,0.028825103381172463,12.151267290115356,,,,,,,,,,,,
hypertune-standard-v2-lr0005/trial_004/train_progress.jsonl,99,0.04069936164005688,0.30343984915771455,0.06047930931824948,0.09155169932186141,0.30163568017880726,0.06385307711019217,24.834472179412842,,,,,,,,,,,,
hypertune-standard-v2-lr0005/trial_005/train_progress.jsonl,14,0.2516537523179343,0.2684521299029945,0.050104197677880324,0.26168162173541015,0.26445189474753633,0.04877158842130869,24.458365201950073,,,,,,,,,,,,
hypertune-standard-v2-lr0005/trial_006/train_progress.jsonl,199,0.018383846664095694,0.30161634455553626,0.057829711223578446,0.07412791622499394,0.29655592807071013,0.05983945512040866,21.918256759643555,,,,,,,,,,,,
hypertune-standard-v2-lr0005/trial_007/train_progress.jsonl,99,0.14946513298447384,0.2950604113429429,0.059675498660315573,0.17783986164848933,0.29198415117342275,0.061785453660909755,18.76653552055359,,,,,,,,,,,,
hypertune-standard-v2-lr0005/trial_008/train_progress.jsonl,98,0.023859094826603366,0.3050028531024388,0.06405180113128907,0.08146172060898339,0.2986894239561109,0.06056920457309657,17.406489372253418,,,,,,,,,,,,
hypertune-standard-v2-lr0005/trial_009/train_progress.jsonl,99,0.4040456591456225,0.24413253281067804,0.04629353974397142,0.41069643465123434,0.24093264248704663,0.046217465336901,24.319992780685425,,,,,,,,,,,,
hypertune-standard-v2-lr0005/trial_010/train_progress.jsonl,99,0.089019507578941,0.25364700920435657,0.040726406668651384,0.12631344001076017,0.2502793863659453,0.03879834590124057,37.05804705619812,,,,,,,,,,,,
hypertune-standard-v2-lr0005/trial_011/train_progress.jsonl,99,0.030851315724606993,0.24911305728533506,0.03579934504316761,0.0688726963013295,0.2431169358935284,0.03332522500608125,51.8591570854187,,,,,,,,,,,,
hypertune-standard-v2-lr0005/trial_012/train_progress.jsonl,31,0.037324885125130866,0.2910536631354355,0.05421256326287586,0.0840695505066551,0.28837752717667375,0.055460958404281196,31.561854124069214,,,,,,,,,,,,
hypertune-sunday-optuna-12trials-200epochs-4patience/trial_001/train_progress.jsonl,199,0.09536115952174772,0.32047001734492336,0.09383941344778254,0.10501497371920518,0.3161955883586346,0.09492726594554271,23.40042805671692,,,,,,,,,,,,
hypertune-tiny/trial_000/train_progress.jsonl,19,0.011950293595542793,0.2524338035511976,0.06064467095851216,0.050334206266727834,0.23601442589952193,0.05315180902648266,7.918654680252075,,,,,,,,,,,,
hypertune-tiny/trial_001/train_progress.jsonl,1,0.16416397927836937,0.09447468944566427,0.006057761087267525,0.12685669501799912,0.10215549777740501,0.00876538604998135,8.74356198310852,,,,,,,,,,,,
hypertune-tiny/trial_002/train_progress.jsonl,0,0.22635597659444268,0.06608115017896352,0.0029953505007153077,0.10112120441737629,0.00821940786714753,0.0003729951510630362,118.73568534851074,,,,,,,,,,,,
hypertune_rsynced_from_taco/trial_000/train_progress.jsonl,31,0.00890178091834638,0.2399314223839745,0.052865701001430614,0.05025165448924305,0.23978864379770193,0.05277881387541962,9.008620500564575,,,,,,,,,,,,
hypertune_rsynced_from_taco/trial_001/train_progress.jsonl,49,0.2056902316822247,0.2794036554676612,0.07305078683834049,0.19697453986321176,0.2772792082529565,0.07646400596792241,32.89728021621704,,,,,,,,,,,,
hypertune_rsynced_from_taco/trial_002/train_progress.jsonl,49,0.38443567299030046,0.2398111107769122,0.05834227467811159,0.3739621898248082,0.23911767172691437,0.05818724356583364,10.298912525177002,,,,,,,,,,,,
hypertune_rsynced_from_taco/trial_003/train_progress.jsonl,2,0.16714624425565655,0.05718811722360915,0.001184728183118741,0.15348928763220707,0.050910005871005616,0.0003729951510630362,25.26559090614319,,,,,,,,,,,,
hypertune_rsynced_from_taco/trial_004/train_progress.jsonl,2,0.5733926004984162,0.057218195125374724,0.001184728183118741,0.4583652030144419,0.050910005871005616,0.0003729951510630362,80.96478581428528,,,,,,,,,,,,
standard-paper-repro/train_progress.jsonl,1,0.6248160415526592,0.031018185426848935,7.442691277165823e-05,0.5891953833805498,0.030326120085339834,0.0,373.85461950302124,,,,,,,,,,,,
